,time,open,high,low,close,volume
0,2016-03-10,34.29,34.29,34.29,34.29,9000
1,2016-03-11,39.44,39.44,39.44,39.44,17790
2,2016-03-14,45.32,45.32,42.87,45.32,218020
3,2016-03-15,51.56,51.56,46.23,47.77,82250
4,2016-03-16,48.38,48.38,44.7,45.93,155152
5,2016-03-17,45.87,46.54,43.48,43.48,94359
6,2016-03-18,43.48,43.48,40.54,41.95,73260
7,2016-03-21,41.64,44.7,40.91,43.17,103290
8,2016-03-22,42.87,43.79,42.25,43.48,98727
9,2016-03-23,42.87,43.36,42.87,43.05,100651
10,2016-03-24,42.87,42.87,41.64,42.5,69440
11,2016-03-25,42.87,42.87,41.64,42.01,45923
12,2016-03-28,41.64,42.01,41.03,41.03,77823
13,2016-03-29,41.64,42.25,40.6,40.97,43211
14,2016-03-30,41.03,41.03,38.89,38.95,84819
15,2016-03-31,39.5,39.5,38.89,39.01,110150
16,2016-04-01,38.58,39.13,37.97,38.82,71050
17,2016-04-04,38.4,41.03,38.4,39.31,57689
18,2016-04-05,39.68,39.99,39.31,39.87,31122
19,2016-04-06,39.5,39.8,38.52,38.95,56371
20,2016-04-07,38.89,38.89,37.84,38.27,28410
21,2016-04-08,37.97,38.4,37.05,38.4,124889
22,2016-04-11,37.97,38.58,37.72,38.21,47470
23,2016-04-12,37.97,38.82,37.97,37.97,75930
24,2016-04-13,38.21,38.27,37.84,37.84,60270
25,2016-04-14,37.72,38.33,37.66,38.33,30401
26,2016-04-15,38.03,40.42,38.03,39.07,138171
27,2016-04-19,39.19,39.19,38.27,38.27,33041
28,2016-04-20,38.15,38.58,38.03,38.03,20101
29,2016-04-21,37.97,39.8,37.97,38.46,34844
30,2016-04-22,38.27,38.89,38.27,38.82,24260
31,2016-04-25,38.64,38.64,38.21,38.21,20901
32,2016-04-26,38.4,38.46,37.66,37.97,62050
33,2016-04-27,37.66,38.09,37.36,37.48,28100
34,2016-04-28,37.36,37.72,36.93,37.66,45510
35,2016-04-29,37.36,37.36,37.05,37.29,8530
36,2016-05-04,37.36,37.36,36.87,36.87,8450
37,2016-05-05,36.74,37.11,36.13,36.13,43899
38,2016-05-06,35.82,36.68,35.52,35.64,86507
39,2016-05-09,35.21,35.76,34.91,35.76,39300
40,2016-05-10,34.97,36.13,34.6,35.89,131600
41,2016-05-11,35.89,36.93,35.82,36.93,78470
42,2016-05-12,37.36,39.5,37.11,38.95,174541
43,2016-05-13,38.76,39.74,38.76,39.13,189202
44,2016-05-16,38.76,38.76,33.37,37.54,273318
45,2016-05-17,37.11,39.44,37.11,39.19,152370
46,2016-05-18,39.44,39.44,38.27,38.27,36520
47,2016-05-19,37.97,38.58,37.97,38.33,23748
48,2016-05-20,38.09,38.58,38.03,38.27,14952
49,2016-05-23,38.27,38.4,38.09,38.09,50157
50,2016-05-24,38.21,38.27,37.36,37.36,18988
51,2016-05-25,37.54,37.66,37.05,37.6,27200
52,2016-05-26,37.66,37.66,37.29,37.6,37600
53,2016-05-27,37.42,37.42,37.11,37.11,3420
54,2016-05-30,37.05,37.36,37.05,37.29,14091
55,2016-05-31,37.23,37.23,37.05,37.05,14200
56,2016-06-01,37.17,37.17,36.99,37.17,14954
57,2016-06-02,37.05,37.17,36.87,37.05,60394
58,2016-06-03,37.36,38.09,37.11,37.66,36650
59,2016-06-06,37.66,37.72,37.42,37.6,25360
60,2016-06-07,37.36,37.6,37.36,37.36,26200
61,2016-06-08,37.29,38.58,37.29,38.58,65940
62,2016-06-09,38.58,39.19,38.27,39.07,228900
63,2016-06-10,38.7,40.42,38.7,39.93,218162
64,2016-06-13,39.87,39.87,39.44,39.68,57209
65,2016-06-14,39.19,39.74,39.07,39.74,32592
66,2016-06-15,39.68,40.42,39.44,40.05,67175
67,2016-06-16,40.11,41.64,40.11,41.34,103531
68,2016-06-17,41.4,42.01,41.09,41.64,171780
69,2016-06-20,41.58,41.76,41.21,41.76,89451
70,2016-06-21,41.95,42.38,41.64,42.01,61520
71,2016-06-22,41.83,42.19,41.34,41.7,70590
72,2016-06-23,41.64,41.89,41.52,41.64,48291
73,2016-06-24,41.34,41.52,37.36,39.62,252500
74,2016-06-27,39.19,39.19,38.58,39.19,30150
75,2016-06-28,39.19,39.19,38.4,39.19,21790
76,2016-06-29,39.38,40.36,39.31,40.05,34820
77,2016-06-30,40.42,40.42,39.8,39.87,16850
78,2016-07-01,39.93,39.93,39.5,39.5,28301
79,2016-07-04,39.68,39.8,39.5,39.62,60950
80,2016-07-05,39.8,39.8,39.38,39.38,67341
81,2016-07-06,39.19,39.44,38.58,39.44,34130
82,2016-07-07,38.64,39.19,38.58,39.07,31860
83,2016-07-08,38.89,38.89,38.64,38.89,23909
84,2016-07-11,38.89,38.89,38.58,38.64,33330
85,2016-07-12,38.33,38.7,37.97,38.09,24454
86,2016-07-13,38.33,38.58,38.27,38.4,20400
87,2016-07-14,38.58,38.58,37.97,37.97,13520
88,2016-07-15,37.72,38.46,37.72,38.27,26740
89,2016-07-18,38.21,38.58,38.21,38.27,9635
90,2016-07-19,38.33,38.64,38.21,38.33,16610
91,2016-07-20,37.54,38.4,37.54,38.4,9660
92,2016-07-21,38.58,38.58,37.97,38.09,3900
93,2016-07-22,37.78,37.84,37.11,37.78,21200
94,2016-07-25,37.36,37.97,37.36,37.66,7020
95,2016-07-26,37.66,37.97,37.36,37.72,15800
96,2016-07-27,38.27,38.33,37.97,38.27,13540
97,2016-07-28,38.46,38.58,37.97,37.97,54450
98,2016-07-29,37.97,38.52,37.84,38.52,30920
99,2016-08-01,38.46,38.46,37.97,38.27,9671
100,2016-08-02,38.27,38.27,37.54,38.03,56830
101,2016-08-03,38.15,38.27,36.99,37.84,109509
102,2016-08-04,37.78,37.78,37.29,37.66,16613
103,2016-08-05,36.74,37.36,36.74,37.36,17220
104,2016-08-08,36.8,37.05,36.74,37.05,8900
105,2016-08-09,37.05,37.72,37.05,37.36,1310
106,2016-08-10,37.05,37.66,36.74,37.66,7130
107,2016-08-11,37.05,37.36,33.68,37.05,163200
108,2016-08-12,36.74,37.11,36.74,0.0,3410
109,2016-08-15,36.74,37.36,36.13,36.56,38900
110,2016-08-16,36.56,37.17,36.56,36.56,19720
111,2016-08-17,36.93,36.93,36.5,36.87,42210
112,2016-08-18,36.19,36.74,36.01,36.44,38762
113,2016-08-19,36.31,36.74,36.31,36.5,10320
114,2016-08-22,36.38,36.44,35.95,36.31,110705
115,2016-08-23,35.64,36.19,35.58,36.13,51600
116,2016-08-24,36.01,36.13,35.82,35.82,9300
117,2016-08-25,35.95,36.13,35.82,36.13,9040
118,2016-08-26,35.58,36.19,35.58,36.19,11220
119,2016-08-29,36.01,36.13,35.52,35.7,35100
120,2016-08-30,35.27,35.76,35.27,35.52,23600
121,2016-08-31,35.52,35.82,35.33,35.4,14064
122,2016-09-01,35.27,35.52,35.27,35.27,16630
123,2016-09-05,35.27,35.82,35.27,35.82,663
124,2016-09-06,35.21,35.46,35.21,35.46,9500
125,2016-09-07,34.97,35.03,34.97,35.03,20150
126,2016-09-08,35.03,36.74,34.91,36.74,31990
127,2016-09-09,35.82,35.82,34.6,35.82,12200
128,2016-09-12,35.58,36.13,35.58,35.58,3200
129,2016-09-13,35.52,35.58,35.52,35.52,10710
130,2016-09-14,35.21,35.52,35.21,35.52,3924
131,2016-09-15,35.21,35.64,35.21,35.52,3132
132,2016-09-16,35.58,35.58,35.52,35.52,13400
133,2016-09-19,34.97,35.82,34.97,35.58,17730
134,2016-09-20,35.4,35.82,35.4,35.52,5920
135,2016-09-21,34.97,35.82,34.97,35.58,25060
136,2016-09-22,35.52,36.13,35.52,36.13,9820
137,2016-09-23,36.74,36.74,35.7,35.7,2410
138,2016-09-26,35.52,36.13,35.52,35.95,3156
139,2016-09-27,35.76,36.13,35.76,35.76,7805
140,2016-09-28,35.82,37.97,35.82,37.48,68927
141,2016-09-29,36.8,37.6,35.52,37.36,79628
142,2016-09-30,36.19,37.48,36.19,37.36,32544
143,2016-10-03,37.97,37.97,36.93,36.99,24000
144,2016-10-04,37.36,37.84,37.36,37.36,12330
145,2016-10-05,37.11,38.7,37.11,38.7,42295
146,2016-10-06,38.58,39.31,38.58,38.82,99110
147,2016-10-07,39.19,39.19,38.15,38.33,8600
148,2016-10-10,38.03,38.27,37.97,38.27,3800
149,2016-10-11,38.89,38.89,37.97,38.27,7400
150,2016-10-12,37.97,37.97,37.97,37.97,2960
151,2016-10-13,37.97,38.27,37.97,37.97,5900
152,2016-10-14,37.97,37.97,37.97,37.97,10020
153,2016-10-17,37.97,37.97,37.36,37.36,3910
154,2016-10-18,37.84,37.84,37.36,37.36,6820
155,2016-10-19,37.66,37.66,37.36,37.6,11592
156,2016-10-20,37.36,37.36,37.36,37.36,1637
157,2016-10-21,37.36,37.36,37.36,37.36,6300
158,2016-10-24,37.66,37.66,37.36,37.36,5300
159,2016-10-25,37.36,37.36,36.74,36.74,25600
160,2016-10-26,36.74,36.8,36.74,36.8,2600
161,2016-10-27,36.74,36.8,36.68,36.68,4400
162,2016-10-28,36.74,37.72,36.68,37.72,11600
163,2016-10-31,37.36,39.19,37.36,38.82,17810
164,2016-11-01,38.58,38.89,38.15,38.82,12820
165,2016-11-02,38.58,38.89,38.27,38.58,16891
166,2016-11-03,38.58,38.82,38.33,38.64,40460
167,2016-11-04,38.7,39.19,38.7,38.82,24480
168,2016-11-07,38.89,38.89,38.46,38.7,17780
169,2016-11-08,38.58,38.64,38.46,38.58,44300
170,2016-11-09,38.58,38.58,37.36,37.36,43600
171,2016-11-10,37.42,38.09,37.42,38.09,29138
172,2016-11-11,37.66,38.52,37.66,38.52,3000
173,2016-11-14,38.33,38.33,37.97,37.97,2000
174,2016-11-15,38.09,38.27,37.97,38.09,4550
175,2016-11-16,38.03,38.15,37.97,38.15,4812
176,2016-11-17,38.03,38.03,37.97,37.97,3410
177,2016-11-18,37.97,37.97,37.72,37.97,3700
178,2016-11-21,37.97,38.09,37.54,37.54,9512
179,2016-11-22,37.54,37.97,37.54,37.78,5220
180,2016-11-23,37.66,37.72,37.6,37.6,5030
181,2016-11-24,37.6,37.97,37.23,37.97,8406
182,2016-11-25,37.84,37.91,37.84,37.91,5300
183,2016-11-28,37.84,37.84,37.23,37.84,1420
184,2016-11-29,37.84,37.84,36.8,36.87,5900
185,2016-11-30,36.93,36.93,36.93,36.93,1000
186,2016-12-01,37.36,37.36,37.11,37.36,1300
187,2016-12-02,37.23,37.29,37.17,37.17,3900
188,2016-12-05,36.74,37.23,36.74,36.8,8500
189,2016-12-06,36.87,36.93,36.62,36.8,33210
190,2016-12-07,36.74,36.74,36.74,36.74,8100
191,2016-12-08,36.74,36.74,36.13,36.13,15020
192,2016-12-09,36.13,36.13,36.13,36.13,400
193,2016-12-12,36.13,36.74,36.13,36.19,2600
194,2016-12-13,36.19,36.19,36.19,36.19,0
195,2016-12-14,36.5,36.5,36.5,36.5,2084
196,2016-12-15,36.5,36.5,36.13,36.5,9500
197,2016-12-16,39.19,39.19,36.74,37.97,54000
198,2016-12-19,38.89,38.89,37.36,38.52,1100
199,2016-12-20,37.11,37.11,37.11,37.11,1540
200,2016-12-21,37.11,37.11,36.74,36.74,2200
201,2016-12-22,36.74,36.74,36.68,36.74,6000
202,2016-12-23,36.74,36.74,36.74,36.74,3000
203,2016-12-26,36.8,36.8,36.62,36.74,7940
204,2016-12-27,37.36,37.36,36.74,36.74,3100
205,2016-12-28,36.19,37.11,36.19,37.11,1600
206,2016-12-29,37.78,41.64,36.74,36.99,2011
207,2016-12-30,41.03,41.03,36.99,39.13,18199
208,2017-01-03,37.05,38.82,37.05,38.82,3600
209,2017-01-04,38.03,38.03,38.03,38.03,1000
210,2017-01-05,37.36,37.36,37.36,37.36,2900
211,2017-01-06,37.36,37.36,37.36,37.36,900
212,2017-01-09,39.5,39.5,39.5,39.5,1000
213,2017-01-10,37.48,37.48,37.36,37.36,5600
214,2017-01-11,37.36,37.36,37.36,37.36,7200
215,2017-01-12,37.36,37.48,37.36,37.36,4700
216,2017-01-13,37.48,37.48,37.36,37.36,1010
217,2017-01-16,38.21,38.21,37.36,37.36,1906
218,2017-01-17,37.36,37.36,37.36,37.36,5100
219,2017-01-18,37.36,39.19,37.36,38.58,12001
220,2017-01-19,38.27,38.27,37.97,37.97,16900
221,2017-01-20,38.03,38.03,37.97,37.97,8501
222,2017-01-23,37.97,37.97,37.97,37.97,3700
223,2017-01-24,37.97,37.97,37.97,37.97,4800
224,2017-01-25,39.5,39.74,37.97,37.97,31600
225,2017-02-02,38.03,38.03,37.97,37.97,3300
226,2017-02-03,37.97,37.97,37.78,37.78,17100
227,2017-02-06,39.19,39.19,37.97,38.58,8410
228,2017-02-07,39.19,41.03,38.58,38.58,31410
229,2017-02-08,38.58,38.58,38.52,38.52,8230
230,2017-02-09,38.27,38.58,37.97,37.97,15600
231,2017-02-10,37.97,38.03,37.97,38.03,34760
232,2017-02-13,39.19,39.19,38.33,39.07,17500
233,2017-02-14,38.27,38.58,38.03,38.09,20900
234,2017-02-15,38.33,38.33,37.97,38.27,28500
235,2017-02-16,38.15,38.27,38.09,38.15,42701
236,2017-02-17,38.15,38.27,37.72,38.27,44600
237,2017-02-20,37.97,38.58,37.97,38.58,12440
238,2017-02-21,38.27,38.89,38.27,38.89,17700
239,2017-02-22,38.58,39.19,38.58,39.19,18600
240,2017-02-23,38.58,39.07,38.46,39.07,9762
241,2017-02-24,38.64,38.64,38.4,38.4,9618
242,2017-02-27,38.58,38.58,38.58,38.58,5202
243,2017-02-28,38.89,38.89,38.58,38.58,13500
244,2017-03-01,38.58,39.13,38.58,38.64,12368
245,2017-03-02,39.01,39.01,38.03,38.58,26415
246,2017-03-03,38.58,38.58,38.33,38.52,8700
247,2017-03-06,38.21,38.58,37.97,38.58,8710
248,2017-03-07,38.58,38.58,37.97,38.09,11960
249,2017-03-08,38.15,38.58,38.09,38.58,4766
250,2017-03-09,38.27,38.89,38.27,38.89,500
251,2017-03-10,38.33,38.33,38.27,38.27,10280
252,2017-03-13,38.89,38.89,38.76,38.89,8116
253,2017-03-14,39.19,39.8,38.89,39.8,30534
254,2017-03-15,39.8,41.03,39.8,40.42,117013
255,2017-03-16,40.42,40.42,40.36,40.36,29371
256,2017-03-17,40.42,40.42,39.8,39.8,25005
257,2017-03-20,39.99,40.05,39.8,39.99,51243
258,2017-03-21,39.8,40.42,39.8,40.29,78580
259,2017-03-22,40.17,40.17,39.19,39.8,84521
260,2017-03-23,39.16,39.93,39.16,39.8,10810
261,2017-03-24,39.54,40.18,39.54,39.99,47130
262,2017-03-27,39.93,39.99,39.67,39.93,26460
263,2017-03-28,42.04,42.04,39.8,39.8,22000
264,2017-03-29,39.8,39.93,39.48,39.93,24070
265,2017-03-30,39.86,39.93,39.67,39.86,45307
266,2017-03-31,39.8,40.76,39.8,40.44,56900
267,2017-04-03,40.31,41.72,40.25,41.08,113730
268,2017-04-04,41.15,41.34,41.08,41.15,48210
269,2017-04-05,41.47,41.72,40.83,41.08,60220
270,2017-04-07,41.08,41.08,40.44,40.89,14330
271,2017-04-10,40.89,40.89,40.44,40.44,14610
272,2017-04-11,46.67,46.67,40.44,41.21,130400
273,2017-04-12,41.08,41.08,40.7,41.08,54190
274,2017-04-13,41.08,41.4,41.08,41.15,60700
275,2017-04-14,41.15,41.34,40.5,41.27,66515
276,2017-04-17,41.98,41.98,41.08,41.08,26800
277,2017-04-18,47.44,47.44,41.21,41.21,18250
278,2017-04-19,41.08,41.34,41.08,41.34,34600
279,2017-04-20,41.27,41.27,41.08,41.08,20900
280,2017-04-21,40.57,41.15,40.44,40.44,31200
281,2017-04-24,40.76,41.08,40.44,41.08,30210
282,2017-04-25,41.02,41.02,40.76,40.83,27000
283,2017-04-26,40.83,40.83,40.83,40.83,28300
284,2017-04-27,40.83,40.83,40.76,40.83,2410
285,2017-04-28,40.83,41.08,40.44,40.44,15670
286,2017-05-03,40.44,40.7,39.41,39.48,150653
287,2017-05-04,39.48,39.67,39.16,39.16,27100
288,2017-05-05,39.16,39.61,38.51,38.58,12500
289,2017-05-08,38.84,39.48,38.51,39.03,13710
290,2017-05-09,38.84,38.96,38.84,38.84,12790
291,2017-05-10,38.9,39.8,38.9,39.41,85510
292,2017-05-11,40.38,40.38,39.22,39.73,14930
293,2017-05-12,39.73,40.57,39.48,40.12,20190
294,2017-05-15,40.12,41.08,39.93,41.08,24141
295,2017-05-16,40.95,40.95,40.31,40.44,31440
296,2017-05-17,40.38,40.44,40.38,40.44,4600
297,2017-05-18,40.38,40.7,40.38,40.44,49920
298,2017-05-19,39.8,40.57,39.8,40.44,36500
299,2017-05-22,39.48,40.38,39.48,40.38,78600
300,2017-05-23,40.44,40.44,40.44,40.44,100
301,2017-05-24,40.12,40.12,38.07,39.73,14640
302,2017-05-25,40.12,41.92,39.16,40.12,14640
303,2017-05-26,39.16,39.8,38.51,39.8,12061
304,2017-05-29,39.8,39.8,38.9,39.48,15218
305,2017-05-30,39.8,41.72,39.28,39.28,18800
306,2017-05-31,39.48,39.48,38.9,39.48,11800
307,2017-06-01,39.48,39.48,38.84,39.48,1950
308,2017-06-02,39.35,39.35,39.16,39.16,5800
309,2017-06-05,39.8,39.8,38.84,39.16,21300
310,2017-06-06,39.67,39.67,38.9,38.9,5688
311,2017-06-07,39.8,39.8,38.84,38.9,11130
312,2017-06-08,39.73,39.73,38.84,38.9,11630
313,2017-06-09,39.73,39.73,38.84,39.16,2480
314,2017-06-12,39.48,39.73,38.51,39.16,5400
315,2017-06-13,39.48,39.48,38.9,38.9,3800
316,2017-06-14,39.28,39.28,38.51,39.16,23570
317,2017-06-15,39.48,39.48,37.23,38.77,9490
318,2017-06-16,39.03,39.03,38.51,38.51,3800
319,2017-06-19,39.03,39.8,38.51,39.28,17360
320,2017-06-20,39.67,39.8,38.64,39.16,6700
321,2017-06-21,39.09,39.8,39.09,39.41,6700
322,2017-06-22,39.41,39.48,38.51,39.28,111920
323,2017-06-23,39.48,39.48,38.51,39.03,7911
324,2017-06-26,39.48,39.48,39.48,39.48,150
325,2017-06-27,39.48,39.48,38.51,39.09,2828
326,2017-06-28,39.16,39.28,38.51,39.28,15700
327,2017-06-29,38.51,39.41,38.51,39.16,1680
328,2017-06-30,39.41,39.48,38.9,39.22,8800
329,2017-07-03,39.28,39.35,38.58,39.16,7650
330,2017-07-04,39.28,39.28,39.16,39.16,8900
331,2017-07-05,39.03,39.16,38.9,39.16,2040
332,2017-07-06,39.35,39.35,38.51,38.96,3700
333,2017-07-07,38.77,39.03,38.51,38.51,7900
334,2017-07-10,39.28,39.48,38.51,38.51,400
335,2017-07-11,38.51,38.77,37.87,37.87,2050
336,2017-07-12,38.51,38.58,38.51,38.58,2200
337,2017-07-13,39.16,39.16,38.51,38.51,590
338,2017-07-14,39.48,39.48,38.51,38.71,1220
339,2017-07-17,37.68,38.51,37.62,38.51,6700
340,2017-07-18,39.09,39.09,35.95,35.95,3600
341,2017-07-19,38.13,39.48,36.33,39.48,10400
342,2017-07-20,39.16,39.48,39.09,39.16,14400
343,2017-07-21,38.0,39.16,37.29,38.51,6052
344,2017-07-24,38.51,38.51,38.51,38.51,140
345,2017-07-25,37.87,38.51,37.87,38.51,2000
346,2017-07-26,38.51,39.16,38.51,39.09,5640
347,2017-07-27,39.09,39.09,38.51,38.51,700
348,2017-07-28,38.51,38.51,37.55,38.19,5200
349,2017-07-31,38.26,39.03,37.94,38.9,3700
350,2017-08-01,37.23,38.51,37.23,38.51,610
351,2017-08-02,38.45,38.51,37.55,37.87,6620
352,2017-08-03,38.51,41.66,38.45,38.45,4600
353,2017-08-04,38.51,38.51,37.74,37.87,31699
354,2017-08-07,38.51,38.51,37.74,38.07,6200
355,2017-08-08,38.51,38.51,37.87,38.13,4300
356,2017-08-09,38.84,38.84,37.23,38.19,5600
357,2017-08-10,39.16,39.16,38.19,38.19,400
358,2017-08-11,37.23,38.51,37.23,38.51,3360
359,2017-08-14,38.19,38.19,38.13,38.13,3600
360,2017-08-15,38.13,38.13,38.13,38.13,2500
361,2017-08-16,38.13,38.13,38.13,38.13,0
362,2017-08-17,38.13,38.13,38.13,38.13,0
363,2017-08-18,37.23,38.13,37.23,38.13,14400
364,2017-08-21,37.87,37.87,36.33,37.87,700
365,2017-08-22,37.81,37.81,37.81,37.81,1904
366,2017-08-23,36.01,37.87,35.95,36.33,2380
367,2017-08-24,35.95,37.55,35.95,37.55,600
368,2017-08-25,37.74,37.74,35.69,37.74,5700
369,2017-08-28,38.58,38.58,35.95,35.95,7000
370,2017-08-29,37.23,37.23,35.95,35.95,1510
371,2017-08-30,37.68,37.68,35.95,35.95,5210
372,2017-08-31,35.95,36.85,35.3,36.01,16800
373,2017-09-01,34.73,35.63,34.73,35.18,9900
374,2017-09-05,34.98,34.98,33.64,33.7,20100
375,2017-09-06,33.7,35.56,33.38,34.02,5700
376,2017-09-07,34.66,35.95,34.66,34.66,2515
377,2017-09-08,34.34,34.34,34.02,34.34,3400
378,2017-09-11,34.98,34.98,34.41,34.41,1200
379,2017-09-12,38.51,38.51,38.51,38.51,301
380,2017-09-13,35.24,35.3,35.24,35.24,1020
381,2017-09-14,35.18,35.18,34.66,34.66,4550
382,2017-09-15,34.34,34.66,34.02,34.66,8500
383,2017-09-18,34.6,34.6,34.02,34.6,9400
384,2017-09-19,35.3,35.3,34.15,34.15,1100
385,2017-09-20,34.66,34.66,34.02,34.02,7800
386,2017-09-21,34.6,34.6,34.6,34.6,100
387,2017-09-22,34.53,34.53,33.51,34.47,3416
388,2017-09-25,34.09,34.66,33.7,33.76,9370
389,2017-09-26,34.02,34.02,33.7,33.7,7550
390,2017-09-27,34.02,34.09,33.7,33.76,4100
391,2017-09-28,34.66,34.66,33.89,34.34,3400
392,2017-09-29,34.02,34.6,33.7,34.6,7110
393,2017-10-02,34.02,34.34,33.38,33.7,5890
394,2017-10-03,33.51,33.51,33.44,33.44,1703
395,2017-10-04,33.44,33.44,33.38,33.38,5730
396,2017-10-05,34.02,34.02,33.38,33.38,6700
397,2017-10-06,33.89,34.34,33.89,34.34,11000
398,2017-10-09,34.34,34.34,33.76,34.15,11900
399,2017-10-10,34.21,34.21,34.15,34.15,3100
400,2017-10-11,34.34,34.34,34.28,34.28,6920
401,2017-10-12,34.02,34.02,33.38,33.38,5700
402,2017-10-13,34.21,34.28,32.16,33.96,15100
403,2017-10-16,34.28,34.28,32.8,32.87,2510
404,2017-10-17,33.89,33.89,32.74,33.89,927
405,2017-10-18,33.06,33.06,32.93,33.06,3410
406,2017-10-19,32.93,32.93,32.8,32.8,2600
407,2017-10-20,33.64,33.64,33.64,33.64,119
408,2017-10-23,33.38,33.38,32.74,32.74,11200
409,2017-10-24,32.48,33.12,32.48,33.12,600
410,2017-10-25,32.74,33.38,32.67,33.38,2430
411,2017-10-26,32.87,34.6,32.61,32.74,4000
412,2017-10-27,33.89,33.89,32.74,32.74,2100
413,2017-10-30,35.95,35.95,33.7,34.02,33600
414,2017-10-31,33.64,33.64,32.67,33.57,31196
415,2017-11-01,33.38,34.02,32.74,32.74,7400
416,2017-11-02,33.64,33.64,33.64,33.64,137
417,2017-11-03,33.38,33.64,32.8,32.8,22900
418,2017-11-06,32.87,33.7,32.87,32.87,27600
419,2017-11-07,33.51,33.51,32.8,32.8,21300
420,2017-11-08,33.64,33.64,32.87,32.87,9707
421,2017-11-09,33.64,33.64,32.74,33.38,16600
422,2017-11-10,33.57,33.7,32.87,33.7,34700
423,2017-11-13,33.57,34.66,33.51,34.02,35300
424,2017-11-14,34.28,38.45,33.76,35.18,2824
425,2017-11-15,36.59,36.59,33.96,34.02,4401
426,2017-11-16,35.95,35.95,33.89,33.89,8900
427,2017-11-17,33.89,33.89,33.89,33.89,5100
428,2017-11-20,37.23,37.23,33.25,35.18,14100
429,2017-11-21,35.3,35.69,33.83,33.83,4000
430,2017-11-22,34.92,34.92,32.74,32.74,4700
431,2017-11-23,33.12,34.02,33.06,34.02,73500
432,2017-11-24,33.19,33.96,33.06,33.96,8800
433,2017-11-27,35.3,35.3,33.89,33.96,16290
434,2017-11-28,34.34,34.34,33.44,33.44,44470
435,2017-11-29,33.44,34.02,33.44,33.7,6600
436,2017-11-30,33.7,33.89,33.38,33.38,15710
437,2017-12-01,35.3,35.3,33.31,33.38,13500
438,2017-12-04,33.38,33.44,33.38,33.44,19200
439,2017-12-05,34.66,37.23,34.02,36.4,106277
440,2017-12-06,37.1,37.81,35.63,37.1,61270
441,2017-12-07,36.59,37.81,31.58,36.52,21600
442,2017-12-08,34.98,36.4,33.7,35.3,13100
443,2017-12-11,35.95,35.95,34.34,35.43,5620
444,2017-12-12,35.63,35.63,33.76,33.96,7820
445,2017-12-13,34.02,34.09,33.96,34.09,1830
446,2017-12-14,34.09,34.79,34.09,34.79,1007
447,2017-12-15,34.66,35.3,34.6,35.3,7520
448,2017-12-18,35.3,36.27,35.18,35.5,13800
449,2017-12-19,36.14,36.14,35.3,35.37,14630
450,2017-12-20,35.95,35.95,35.3,35.3,9500
451,2017-12-21,36.27,36.27,35.3,35.3,6230
452,2017-12-22,35.3,35.63,35.3,35.3,5720
453,2017-12-25,35.3,35.37,34.98,34.98,14500
454,2017-12-26,35.37,35.63,35.24,35.63,18700
455,2017-12-27,35.63,35.63,35.37,35.37,3127
456,2017-12-28,35.37,35.63,34.66,35.56,7740
457,2017-12-29,36.59,37.23,35.3,37.23,9100
458,2018-01-02,36.59,36.85,36.52,36.52,2730
459,2018-01-03,36.65,36.65,35.95,35.95,5900
460,2018-01-04,36.01,36.59,36.01,36.27,17000
461,2018-01-05,36.59,36.59,36.27,36.33,24100
462,2018-01-08,38.45,38.45,36.33,36.4,2930
463,2018-01-09,36.59,36.72,36.33,36.59,27510
464,2018-01-10,38.45,38.45,36.4,36.4,24350
465,2018-01-11,37.87,37.87,36.52,36.52,9000
466,2018-01-12,36.72,37.87,36.72,37.55,16120
467,2018-01-15,38.45,38.45,36.91,37.55,2340
468,2018-01-16,37.55,37.55,37.23,37.23,12534
469,2018-01-17,37.29,41.72,37.29,38.71,12816
470,2018-01-18,38.51,40.44,35.3,39.16,49600
471,2018-01-19,39.16,39.16,38.0,38.0,1710
472,2018-01-22,38.0,38.51,38.0,38.51,12800
473,2018-01-23,40.38,40.38,38.51,39.16,4850
474,2018-01-24,39.16,40.38,39.16,40.05,10825
475,2018-01-25,41.02,41.02,39.8,40.12,18660
476,2018-01-26,40.44,40.5,40.12,40.44,6660
477,2018-01-29,40.44,40.44,40.12,40.12,6780
478,2018-01-30,40.12,40.31,39.8,40.12,5950
479,2018-01-31,39.8,39.93,35.3,36.91,13500
480,2018-02-01,36.4,39.73,36.27,39.73,36600
481,2018-02-02,38.45,38.45,38.32,38.39,900
482,2018-02-05,36.97,37.49,35.95,35.95,6900
483,2018-02-06,35.95,37.23,30.81,35.63,13400
484,2018-02-07,39.41,39.41,35.69,35.69,1200
485,2018-02-08,39.16,39.16,35.63,35.69,16200
486,2018-02-09,35.3,37.87,34.66,37.55,17360
487,2018-02-12,38.45,38.45,34.66,34.98,12370
488,2018-02-13,38.96,38.96,34.98,34.98,200
489,2018-02-21,38.45,38.45,36.59,37.23,1800
490,2018-02-22,36.91,37.23,36.91,37.23,1400
491,2018-02-23,37.87,37.87,37.87,37.87,200
492,2018-02-26,36.91,37.29,36.52,36.59,33500
493,2018-02-27,39.09,39.09,37.23,37.23,200
494,2018-02-28,37.23,37.55,36.59,37.55,10500
495,2018-03-01,37.87,37.87,36.59,36.65,3141
496,2018-03-02,36.59,37.23,35.43,36.27,17900
497,2018-03-05,38.39,38.39,35.95,35.95,10500
498,2018-03-06,38.51,38.51,36.27,36.27,4400
499,2018-03-07,36.2,36.65,35.95,35.95,11800
500,2018-03-08,38.51,38.51,36.46,36.59,29000
501,2018-03-09,36.59,36.97,36.59,36.85,2517
502,2018-03-12,37.23,37.23,36.85,36.85,1811
503,2018-03-13,36.27,36.27,36.27,36.27,100
504,2018-03-14,36.27,36.59,35.95,36.27,9020
505,2018-03-15,37.87,37.87,36.08,36.59,6818
506,2018-03-16,36.59,36.85,35.95,36.59,5500
507,2018-03-19,36.72,37.29,36.72,36.78,21230
508,2018-03-20,37.23,37.23,37.04,37.04,7226
509,2018-03-21,36.78,36.97,36.59,36.59,4900
510,2018-03-22,36.59,36.85,36.27,36.85,16600
511,2018-03-23,38.51,38.51,36.08,36.08,2350
512,2018-03-26,36.27,36.4,35.95,35.95,11700
513,2018-03-27,36.08,36.2,35.63,36.2,103300
514,2018-03-28,37.1,37.1,35.95,36.2,13210
515,2018-03-29,36.08,37.17,36.08,37.17,800
516,2018-03-30,37.68,37.68,36.14,37.17,4615
517,2018-04-02,36.4,36.46,36.4,36.4,12427
518,2018-04-03,38.58,38.58,36.26,36.39,13600
519,2018-04-04,36.39,36.46,36.33,36.39,60700
520,2018-04-05,36.26,36.39,36.26,36.39,46351
521,2018-04-06,36.81,36.81,36.26,36.39,2615
522,2018-04-09,36.39,36.39,36.33,36.33,5590
523,2018-04-10,36.39,36.46,36.33,36.46,994
524,2018-04-11,36.33,36.46,36.26,36.26,6000
525,2018-04-12,36.39,36.39,36.26,36.39,5422
526,2018-04-13,36.33,36.53,36.26,36.53,4917
527,2018-04-16,36.26,41.05,36.26,36.6,1600
528,2018-04-17,38.31,38.31,36.26,36.26,1900
529,2018-04-18,36.39,36.39,35.57,36.26,7200
530,2018-04-19,36.26,36.26,36.26,36.26,3310
531,2018-04-20,33.86,36.6,33.86,36.26,300
532,2018-04-23,32.15,36.26,30.24,32.22,11222
533,2018-04-24,36.26,36.26,33.32,33.38,2300
534,2018-04-26,34.14,34.14,33.38,33.38,1500
535,2018-04-27,34.07,34.07,34.07,34.07,100
536,2018-05-02,33.52,33.52,33.52,33.52,1800
537,2018-05-03,35.57,35.57,33.59,33.59,3520
538,2018-05-04,33.59,33.59,33.18,33.59,2950
539,2018-05-07,34.89,34.89,33.66,33.86,7600
540,2018-05-08,33.86,36.26,33.86,36.26,7552
541,2018-05-09,34.89,34.89,34.21,34.21,800
542,2018-05-10,34.21,34.21,33.86,33.86,6600
543,2018-05-11,33.86,33.86,32.91,32.91,14800
544,2018-05-14,36.26,36.26,32.97,33.32,2700
545,2018-05-15,33.32,36.19,33.25,36.19,3900
546,2018-05-16,34.89,34.89,34.89,34.89,100
547,2018-05-17,34.55,34.55,34.21,34.21,611
548,2018-05-18,33.52,33.52,33.45,33.45,6700
549,2018-05-21,33.59,33.59,33.52,33.52,5416
550,2018-05-22,34.21,34.21,33.52,33.52,8920
551,2018-05-23,33.52,33.8,33.52,33.8,7300
552,2018-05-24,34.89,37.63,33.52,33.59,13860
553,2018-05-25,36.19,36.19,33.18,33.18,9000
554,2018-05-28,35.57,35.57,33.18,33.18,1800
555,2018-05-29,36.39,36.39,33.18,33.52,1000
556,2018-05-30,35.92,35.92,33.52,33.66,9840
557,2018-05-31,33.66,34.96,33.59,34.96,15320
558,2018-06-01,35.57,35.57,33.59,33.66,11300
559,2018-06-04,33.66,33.73,33.66,33.73,9700
560,2018-06-05,33.66,33.66,33.38,33.38,17400
561,2018-06-06,33.66,34.21,33.66,34.21,14640
562,2018-06-07,33.86,33.86,33.73,33.73,13500
563,2018-06-08,33.86,33.86,33.86,33.86,6800
564,2018-06-11,35.1,35.1,33.8,33.8,7090
565,2018-06-12,35.78,35.78,33.8,34.21,9200
566,2018-06-13,33.93,33.93,33.93,33.93,304
567,2018-06-14,33.93,33.93,33.86,33.86,7850
568,2018-06-15,33.93,33.93,33.8,33.8,8000
569,2018-06-18,33.86,33.93,33.8,33.8,5246
570,2018-06-19,33.86,33.86,33.8,33.86,7301
571,2018-06-20,33.86,33.86,33.8,33.86,4400
572,2018-06-21,33.8,33.86,33.18,33.86,4300
573,2018-06-22,35.92,38.31,33.32,33.32,5900
574,2018-06-25,36.94,36.94,33.86,33.86,2400
575,2018-06-26,33.86,33.93,33.86,33.86,2140
576,2018-06-27,34.21,34.21,33.86,33.86,1305
577,2018-06-28,33.86,33.86,33.86,33.86,1800
578,2018-06-29,33.52,38.93,33.52,38.93,5060
579,2018-07-02,33.86,36.26,33.66,33.66,34460
580,2018-07-03,33.66,33.73,33.66,33.66,2540
581,2018-07-04,36.81,36.81,33.25,33.25,200
582,2018-07-05,35.03,35.03,35.03,33.25,10
583,2018-07-06,32.15,34.82,32.15,33.86,800
584,2018-07-09,35.51,35.51,35.51,35.51,200
585,2018-07-10,30.24,35.92,30.24,34.14,600
586,2018-07-11,33.59,33.59,33.18,33.18,1490
587,2018-07-12,34.14,34.14,34.14,34.14,100
588,2018-07-13,33.52,33.86,33.52,33.86,7700
589,2018-07-16,33.73,33.73,33.52,33.52,8800
590,2018-07-17,33.52,33.52,33.52,33.52,39830
591,2018-07-18,33.52,33.52,33.52,33.52,300
592,2018-07-19,33.52,33.52,33.52,33.52,4800
593,2018-07-20,34.21,34.21,33.59,33.59,1300
594,2018-07-23,33.93,33.93,33.86,0.0,2230
595,2018-07-24,33.86,33.93,33.86,33.93,1200
596,2018-07-25,35.57,35.57,33.8,33.8,10200
597,2018-07-26,33.86,33.86,33.86,33.86,0
598,2018-07-27,33.86,33.86,33.86,33.8,10
599,2018-07-30,33.86,34.21,33.86,34.21,1030
600,2018-07-31,34.21,38.31,34.21,38.24,11843
601,2018-08-01,38.31,38.31,35.03,35.57,11910
602,2018-08-02,38.99,38.99,35.3,35.3,2890
603,2018-08-03,36.26,36.26,35.3,35.57,8690
604,2018-08-06,36.26,36.26,35.3,35.3,475
605,2018-08-07,36.26,36.26,36.26,36.26,100
606,2018-08-08,35.92,35.92,34.89,34.89,5490
607,2018-08-09,36.26,36.26,36.26,36.26,100
608,2018-08-10,35.03,35.57,35.03,35.23,910
609,2018-08-13,35.16,35.16,35.1,35.1,1650
610,2018-08-14,34.89,34.89,33.86,34.27,4220
611,2018-08-15,34.89,34.89,34.21,34.89,3104
612,2018-08-16,35.57,36.26,34.21,34.21,7900
613,2018-08-17,34.41,34.41,34.34,34.34,270
614,2018-08-20,34.34,34.34,34.34,34.34,100
615,2018-08-21,34.34,34.34,34.34,34.34,0
616,2018-08-22,34.34,34.82,34.34,34.34,400
617,2018-08-23,35.16,35.16,34.41,34.41,800
618,2018-08-24,34.41,34.48,34.41,34.48,600
619,2018-08-27,35.23,35.23,35.23,35.23,110
620,2018-08-28,34.48,34.48,34.48,34.48,136
621,2018-08-29,35.1,35.1,35.1,35.1,100
622,2018-08-30,35.1,35.1,35.1,35.1,87
623,2018-08-31,36.05,36.05,35.1,35.92,2060
624,2018-09-04,35.92,35.92,34.34,34.34,1883
625,2018-09-05,35.03,35.23,34.89,35.03,4917
626,2018-09-06,35.1,35.1,34.89,34.89,15002
627,2018-09-07,35.1,35.92,35.03,35.71,13101
628,2018-09-10,35.23,35.23,35.16,35.16,4210
629,2018-09-11,35.23,35.23,35.16,35.16,7430
630,2018-09-12,35.57,35.98,35.16,35.98,6800
631,2018-09-13,36.12,36.12,36.12,36.12,300
632,2018-09-14,35.71,35.92,35.51,35.92,14620
633,2018-09-17,36.12,36.26,35.57,36.26,9001
634,2018-09-18,36.26,38.86,36.26,38.86,160830
635,2018-09-19,38.93,41.05,38.93,40.02,143780
636,2018-09-20,39.95,40.02,39.54,39.54,5790
637,2018-09-21,39.68,39.75,38.31,38.31,30520
638,2018-09-24,38.86,38.86,37.28,38.17,43600
639,2018-09-25,39.54,39.54,37.63,38.04,27826
640,2018-09-26,39.68,40.36,38.86,39.13,22560
641,2018-09-27,39.61,42.42,39.61,41.53,207554
642,2018-09-28,42.35,42.35,40.36,40.36,41239
643,2018-10-01,40.7,40.7,39.68,39.68,8050
644,2018-10-02,39.88,40.5,39.68,39.68,32800
645,2018-10-03,41.05,41.05,38.99,38.99,25780
646,2018-10-04,39.41,40.36,39.41,39.95,15590
647,2018-10-05,39.68,41.32,39.68,40.84,95710
648,2018-10-08,41.12,41.18,40.02,40.84,37050
649,2018-10-09,41.05,41.12,39.68,40.57,11913
650,2018-10-10,40.23,41.12,40.02,40.23,35900
651,2018-10-11,40.02,40.7,38.38,38.38,71045
652,2018-10-12,37.28,42.42,36.26,40.84,29090
653,2018-10-15,40.36,40.36,38.24,38.31,3080
654,2018-10-16,40.36,40.36,38.52,38.99,1610
655,2018-10-17,39.95,39.95,38.99,39.34,5940
656,2018-10-18,39.2,39.27,38.99,38.99,12720
657,2018-10-19,38.99,39.13,38.65,39.06,9000
658,2018-10-22,39.68,40.36,38.99,38.99,1320
659,2018-10-23,38.99,39.13,37.63,37.63,11980
660,2018-10-24,39.13,39.13,36.74,36.74,14100
661,2018-10-25,37.63,37.63,35.57,37.28,14600
662,2018-10-26,38.31,38.31,36.87,36.87,1800
663,2018-10-29,36.87,36.87,36.05,36.05,4300
664,2018-10-30,36.67,37.22,36.26,36.26,7917
665,2018-10-31,36.67,37.22,36.6,37.22,20403
666,2018-11-01,38.11,38.11,36.6,36.6,9100
667,2018-11-02,37.08,37.56,36.81,37.28,7700
668,2018-11-05,38.24,38.24,36.53,36.6,7750
669,2018-11-06,37.15,37.15,36.94,36.94,6700
670,2018-11-07,36.94,37.01,36.46,36.94,4000
671,2018-11-08,36.94,36.94,36.94,36.94,3900
672,2018-11-09,36.94,36.94,36.26,36.26,5751
673,2018-11-12,36.46,36.81,36.26,36.26,11600
674,2018-11-13,36.87,38.17,36.87,37.83,16700
675,2018-11-14,37.97,37.97,37.28,37.28,1530
676,2018-11-15,37.42,38.17,37.42,37.42,1930
677,2018-11-16,37.42,37.9,37.42,37.49,4751
678,2018-11-19,38.24,38.24,37.49,37.49,1003
679,2018-11-20,37.69,37.69,36.94,36.94,5630
680,2018-11-21,37.9,38.24,36.94,37.28,5100
681,2018-11-22,36.94,37.08,36.94,36.94,8513
682,2018-11-23,37.97,37.97,36.94,36.94,11300
683,2018-11-26,36.94,37.42,36.94,37.42,8300
684,2018-11-27,37.01,37.01,36.94,36.94,2610
685,2018-11-28,37.63,37.63,36.67,36.74,2019
686,2018-11-29,36.94,36.94,36.26,36.6,13900
687,2018-11-30,36.67,37.15,36.26,37.15,4100
688,2018-12-03,36.33,36.81,36.26,36.6,11300
689,2018-12-04,36.33,36.94,36.26,36.94,5200
690,2018-12-05,36.6,36.94,36.26,36.33,21300
691,2018-12-06,36.6,36.81,36.33,36.33,5642
692,2018-12-07,36.46,36.53,36.46,36.53,8800
693,2018-12-10,37.22,37.22,36.46,36.6,3968
694,2018-12-11,36.53,36.67,36.53,36.53,7000
695,2018-12-12,36.6,36.6,36.53,36.53,4702
696,2018-12-13,36.6,36.81,36.53,36.53,3700
697,2018-12-14,36.53,36.6,36.53,36.53,9800
698,2018-12-17,36.74,36.74,35.51,35.51,5702
699,2018-12-18,35.64,36.19,35.57,36.19,6400
700,2018-12-19,36.87,36.87,35.64,36.19,6700
701,2018-12-20,36.26,36.26,35.37,35.92,9900
702,2018-12-21,35.57,35.78,35.37,35.57,16002
703,2018-12-24,38.99,38.99,34.89,35.23,9905
704,2018-12-25,34.89,34.89,33.66,34.14,29900
705,2018-12-26,36.94,36.94,34.0,34.0,14500
706,2018-12-27,34.89,34.89,34.21,34.27,3000
707,2018-12-28,34.27,34.62,34.21,34.62,11040
708,2019-01-02,35.57,35.57,34.34,34.34,200
709,2019-01-03,34.27,34.27,33.93,33.93,1200
710,2019-01-04,34.89,34.89,33.04,33.8,1574
711,2019-01-07,34.89,34.89,34.21,34.21,1710
712,2019-01-08,34.82,34.82,34.27,34.27,460
713,2019-01-09,33.73,34.21,33.73,34.21,3000
714,2019-01-10,34.07,34.55,34.07,34.55,3186
715,2019-01-11,34.0,34.27,34.0,34.21,4190
716,2019-01-14,36.12,36.12,34.34,34.34,3060
717,2019-01-15,34.89,35.57,34.89,35.57,4600
718,2019-01-16,35.23,35.57,35.23,35.57,4404
719,2019-01-17,36.94,36.94,35.51,35.57,2900
720,2019-01-18,35.57,35.57,35.37,35.57,1700
721,2019-01-21,36.19,36.19,35.51,35.57,5850
722,2019-01-22,35.78,36.26,35.78,36.26,6000
723,2019-01-23,35.78,35.92,35.57,35.57,2400
724,2019-01-24,35.85,35.57,35.57,35.57,0
725,2019-01-25,36.94,36.94,35.51,35.51,10850
726,2019-01-28,36.87,36.87,35.44,35.44,2600
727,2019-01-29,35.57,35.57,35.57,35.57,300
728,2019-01-30,36.19,36.94,35.71,36.94,4414
729,2019-01-31,36.94,37.08,36.53,36.94,12062
730,2019-02-01,38.24,38.24,36.94,36.94,2100
731,2019-02-11,37.08,37.9,37.08,37.9,7000
732,2019-02-12,38.65,38.65,37.63,38.65,14860
733,2019-02-13,40.98,40.98,37.97,38.99,14016
734,2019-02-14,38.99,38.99,38.86,38.99,21804
735,2019-02-15,36.33,38.99,36.33,38.93,21800
736,2019-02-18,39.54,39.54,38.31,38.31,19250
737,2019-02-19,37.76,38.31,37.63,37.63,24860
738,2019-02-20,38.93,38.93,37.63,37.63,10900
739,2019-02-21,37.76,37.76,37.28,37.63,4600
740,2019-02-22,37.08,37.28,36.94,36.94,27110
741,2019-02-25,37.22,37.28,37.01,37.01,3305
742,2019-02-26,37.28,37.28,37.15,37.22,12600
743,2019-02-27,37.28,37.28,37.15,37.28,23330
744,2019-02-28,37.28,37.97,37.22,37.28,34210
745,2019-03-01,37.35,38.24,37.35,37.97,28880
746,2019-03-04,38.65,38.99,38.38,38.99,13656
747,2019-03-05,39.41,39.41,38.65,38.99,27331
748,2019-03-06,38.38,38.86,37.97,38.79,9920
749,2019-03-07,38.31,40.02,38.31,39.68,136500
750,2019-03-08,39.68,40.7,39.68,40.02,40459
751,2019-03-11,40.02,40.36,39.68,40.16,31200
752,2019-03-12,40.36,41.73,40.36,41.73,150451
753,2019-03-13,41.73,42.76,41.46,42.07,202290
754,2019-03-14,42.0,42.0,41.39,41.59,78741
755,2019-03-15,41.73,41.73,41.25,41.59,93705
756,2019-03-18,41.8,45.01,41.8,45.01,188940
757,2019-03-19,45.01,46.73,45.01,46.52,316940
758,2019-03-20,46.73,46.73,45.15,46.18,110170
759,2019-03-21,45.84,48.57,45.84,46.52,138053
760,2019-03-22,47.2,47.2,45.9,45.9,59040
761,2019-03-25,47.2,47.2,44.19,44.47,60680
762,2019-03-26,45.84,45.84,43.78,44.47,53981
763,2019-03-27,44.4,45.9,44.4,45.56,56550
764,2019-03-28,45.63,45.63,44.19,44.47,53060
765,2019-03-29,44.47,45.29,44.47,45.01,59641
766,2019-04-01,45.84,47.55,45.56,47.55,61711
767,2019-04-02,47.55,48.91,46.38,46.38,105971
768,2019-04-03,47.47,48.26,46.82,47.69,40041
769,2019-04-04,45.02,48.26,44.66,47.4,49720
770,2019-04-05,48.26,48.26,47.11,47.54,61230
771,2019-04-08,47.76,48.12,46.82,47.76,27443
772,2019-04-09,47.54,48.12,46.75,46.89,110060
773,2019-04-10,46.82,47.18,45.96,46.82,31300
774,2019-04-11,47.18,47.54,46.46,47.54,32940
775,2019-04-12,47.9,49.42,46.97,48.84,122070
776,2019-04-16,48.98,50.28,48.26,50.06,81066
777,2019-04-17,50.06,51.51,48.98,48.98,51856
778,2019-04-18,48.98,48.98,47.25,47.54,123246
779,2019-04-19,47.54,47.83,47.54,47.54,30490
780,2019-04-22,48.05,48.05,46.1,46.32,46896
781,2019-04-23,46.61,46.75,45.38,45.38,21500
782,2019-04-24,46.61,47.25,45.53,47.25,20720
783,2019-04-25,48.26,48.26,46.46,47.18,13372
784,2019-04-26,47.54,47.54,46.1,46.82,19114
785,2019-05-02,46.1,46.39,43.22,44.52,98850
786,2019-05-03,43.94,46.1,43.22,44.52,24700
787,2019-05-06,44.66,44.66,43.22,44.59,46129
788,2019-05-07,44.59,44.81,44.3,44.66,53525
789,2019-05-08,44.52,44.66,44.52,44.59,56120
790,2019-05-09,44.52,44.66,44.52,44.66,49131
791,2019-05-10,44.52,44.66,44.45,44.45,11194
792,2019-05-13,44.59,44.59,43.58,43.58,63788
793,2019-05-14,43.94,43.94,43.0,43.22,20250
794,2019-05-15,43.22,43.58,43.0,43.58,27701
795,2019-05-16,44.66,44.66,43.22,43.8,13209
796,2019-05-17,44.23,44.23,43.22,43.37,5958
797,2019-05-20,43.87,44.3,43.44,44.3,25637
798,2019-05-21,44.66,44.66,43.51,43.8,6254
799,2019-05-22,44.52,44.52,43.22,43.94,22700
800,2019-05-23,44.3,44.3,43.08,43.94,36030
801,2019-05-24,44.3,44.3,42.86,43.22,19100
802,2019-05-27,42.64,43.37,41.85,43.0,29031
803,2019-05-28,41.92,42.86,41.78,41.78,15420
804,2019-05-29,41.78,42.79,41.42,42.14,55712
805,2019-05-30,43.8,43.8,42.5,43.0,3327
806,2019-05-31,42.5,44.3,41.85,44.3,10420
807,2019-06-03,42.93,43.73,42.5,42.5,3730
808,2019-06-04,43.22,43.22,43.22,42.5,2
809,2019-06-05,42.5,42.5,42.5,42.5,1600
810,2019-06-06,42.79,42.79,42.79,42.79,170
811,2019-06-07,42.79,43.87,42.07,43.87,14630
812,2019-06-10,43.22,44.81,43.22,44.45,34540
813,2019-06-11,45.02,45.02,44.45,44.45,7260
814,2019-06-12,44.3,44.81,44.23,44.45,11617
815,2019-06-13,44.45,44.66,44.23,44.66,10600
816,2019-06-14,44.3,44.66,44.23,44.52,13201
817,2019-06-17,44.66,44.66,44.23,44.52,6845
818,2019-06-18,44.37,46.82,44.37,46.82,172484
819,2019-06-19,47.18,47.18,45.89,46.1,16492
820,2019-06-20,46.39,46.53,46.1,46.39,16883
821,2019-06-21,45.74,46.39,45.74,46.39,16403
822,2019-06-24,46.17,46.61,46.1,46.25,16607
823,2019-06-25,46.61,47.54,46.61,47.18,77527
824,2019-06-26,46.97,50.35,46.97,48.26,52932
825,2019-06-27,47.25,47.54,46.1,46.61,9600
826,2019-06-28,47.54,47.54,45.02,46.82,6517
827,2019-07-01,46.82,46.82,45.24,46.39,16022
828,2019-07-02,46.39,46.46,45.38,46.1,18780
829,2019-07-03,45.81,45.81,44.3,44.95,27330
830,2019-07-04,45.74,46.46,45.02,45.09,63460
831,2019-07-05,46.68,47.18,46.61,46.75,6732
832,2019-07-08,46.25,46.25,45.74,46.1,1950
833,2019-07-09,45.53,46.1,45.38,46.1,4100
834,2019-07-10,46.1,46.82,45.74,46.1,11814
835,2019-07-11,46.46,46.61,46.32,46.32,20000
836,2019-07-12,46.82,46.82,46.1,46.75,10620
837,2019-07-15,45.81,46.75,45.38,46.32,9281
838,2019-07-16,46.46,46.68,45.96,46.32,12027
839,2019-07-17,46.82,46.82,45.74,46.1,4510
840,2019-07-18,46.46,46.46,45.38,45.38,12900
841,2019-07-19,46.03,46.68,46.03,46.39,13020
842,2019-07-22,46.39,46.82,45.74,46.1,3400
843,2019-07-23,46.03,46.03,45.45,45.74,6515
844,2019-07-24,45.38,45.74,44.66,45.67,7880
845,2019-07-25,44.88,45.89,44.3,45.02,4820
846,2019-07-26,45.02,45.02,43.94,45.02,7600
847,2019-07-29,44.66,44.73,43.22,43.22,5657
848,2019-07-30,42.86,43.58,42.21,42.21,6290
849,2019-07-31,43.08,43.08,40.77,42.28,67460
850,2019-08-01,41.85,43.22,41.13,41.13,12259
851,2019-08-02,41.78,41.78,40.7,40.7,85237
852,2019-08-05,40.7,42.86,40.05,42.86,56892
853,2019-08-06,42.36,42.36,41.42,41.78,6730
854,2019-08-07,42.14,42.14,41.13,41.56,8020
855,2019-08-08,41.06,41.78,40.7,41.78,17930
856,2019-08-09,41.06,41.78,41.06,41.06,6004
857,2019-08-12,41.2,41.42,39.76,39.76,21100
858,2019-08-13,40.41,41.06,39.98,39.98,12330
859,2019-08-14,40.05,40.34,39.4,40.27,93611
860,2019-08-15,40.34,40.34,39.62,39.62,3640
861,2019-08-16,40.27,40.27,39.62,39.62,4700
862,2019-08-19,39.26,39.26,38.9,39.04,7630
863,2019-08-20,39.55,39.55,38.9,38.9,7550
864,2019-08-21,39.04,39.04,38.18,38.9,14930
865,2019-08-22,38.54,39.98,38.54,39.62,5349
866,2019-08-23,39.62,39.62,39.26,39.26,13500
867,2019-08-26,39.26,40.34,39.26,39.62,21020
868,2019-08-27,39.98,39.98,38.97,38.97,3730
869,2019-08-28,40.12,40.12,38.18,38.18,10532
870,2019-08-29,38.39,39.4,38.18,38.18,19310
871,2019-08-30,38.9,39.26,38.9,39.19,3004
872,2019-09-03,37.6,39.33,37.6,38.9,890
873,2019-09-04,38.97,38.97,37.82,38.9,710
874,2019-09-05,38.54,38.54,37.6,37.82,1190
875,2019-09-06,38.9,38.9,37.1,38.11,2300
876,2019-09-09,38.9,38.9,37.46,37.46,1110
877,2019-09-10,36.74,37.67,36.38,37.67,15700
878,2019-09-11,36.88,36.88,36.88,36.88,1800
879,2019-09-12,36.81,37.39,36.81,37.39,1300
880,2019-09-13,38.18,38.18,37.53,38.03,4040
881,2019-09-16,36.88,37.89,36.88,37.89,1505
882,2019-09-17,37.67,37.67,37.1,37.53,2500
883,2019-09-18,38.61,38.61,36.88,37.6,3200
884,2019-09-19,37.75,37.75,36.95,37.1,1723
885,2019-09-20,36.88,37.46,36.88,37.46,1700
886,2019-09-23,36.88,37.82,36.74,37.82,12900
887,2019-09-24,37.96,38.11,37.53,38.11,5100
888,2019-09-25,38.18,38.18,38.18,38.18,100
889,2019-09-26,37.53,38.54,37.53,38.25,8900
890,2019-09-27,38.25,38.25,38.18,38.25,24630
891,2019-09-30,38.18,38.75,38.18,38.75,19000
892,2019-10-01,38.75,39.19,37.6,39.19,13900
893,2019-10-02,38.9,39.62,38.9,39.62,8760
894,2019-10-03,39.62,40.27,39.33,39.98,12022
895,2019-10-04,39.62,39.84,39.62,39.84,1010
896,2019-10-07,37.6,39.62,37.6,37.96,1430
897,2019-10-08,39.55,39.55,39.55,39.55,150
898,2019-10-09,37.89,39.48,37.82,38.18,2400
899,2019-10-10,39.33,39.33,38.18,38.18,2150
900,2019-10-11,39.26,39.26,38.18,39.19,1200
901,2019-10-14,38.18,38.9,37.82,37.82,9160
902,2019-10-15,38.9,38.9,37.46,38.18,1220
903,2019-10-16,37.67,38.83,37.46,37.82,8610
904,2019-10-17,38.68,38.68,38.68,38.68,100
905,2019-10-18,38.68,38.75,38.18,38.75,3160
906,2019-10-21,38.75,38.75,37.96,37.96,4000
907,2019-10-22,41.06,41.06,41.06,41.06,100
908,2019-10-23,41.06,41.06,37.46,38.97,32060
909,2019-10-24,40.2,40.2,38.54,39.84,400
910,2019-10-25,41.06,41.06,38.18,38.18,6700
911,2019-10-28,39.62,40.99,38.18,38.18,7610
912,2019-10-29,38.32,40.2,37.89,38.18,8100
913,2019-10-30,38.18,39.4,38.18,38.25,1200
914,2019-10-31,38.9,40.34,37.46,38.25,8650
915,2019-11-01,39.55,39.55,38.11,38.11,8300
916,2019-11-04,39.62,39.62,37.82,37.82,2410
917,2019-11-05,38.03,38.03,37.1,37.89,27200
918,2019-11-06,38.47,38.54,37.46,37.46,4800
919,2019-11-07,37.82,37.82,37.82,37.82,1000
920,2019-11-08,39.19,39.19,37.1,37.1,10410
921,2019-11-11,37.24,37.24,36.38,37.24,5102
922,2019-11-12,38.11,38.18,36.74,37.82,800
923,2019-11-13,38.03,39.26,38.03,39.26,419
924,2019-11-14,37.24,37.31,37.1,37.31,7821
925,2019-11-15,37.96,38.03,37.96,38.03,1000
926,2019-11-18,38.18,38.9,37.17,37.82,3620
927,2019-11-19,38.18,38.39,37.67,37.67,5600
928,2019-11-20,39.62,39.62,37.1,37.24,1721
929,2019-11-21,37.31,37.24,37.24,37.24,0
930,2019-11-22,38.18,38.18,36.02,37.1,900
931,2019-11-25,36.74,36.74,36.09,36.09,7460
932,2019-11-26,38.18,38.18,36.88,36.88,1200
933,2019-11-27,37.46,37.46,36.74,36.74,2600
934,2019-11-28,37.46,37.46,36.52,37.03,2900
935,2019-11-29,38.11,38.11,37.1,37.6,1050
936,2019-12-02,37.24,37.24,37.1,37.24,4000
937,2019-12-03,38.11,38.11,37.1,37.46,1300
938,2019-12-04,38.9,38.9,37.1,37.1,1150
939,2019-12-05,37.89,37.89,36.74,37.46,1924
940,2019-12-06,37.17,37.46,37.46,37.46,0
941,2019-12-09,38.9,38.9,36.74,36.74,5800
942,2019-12-10,38.18,38.18,36.74,36.74,6200
943,2019-12-11,36.74,36.74,36.74,36.74,1800
944,2019-12-12,34.72,36.38,34.72,36.02,2500
945,2019-12-13,37.75,37.75,36.81,36.95,16400
946,2019-12-16,37.1,37.17,37.03,37.1,6400
947,2019-12-17,37.1,38.11,36.95,37.03,2500
948,2019-12-18,36.95,36.95,36.38,36.38,22800
949,2019-12-19,41.06,41.06,41.06,41.06,200
950,2019-12-20,36.81,36.81,36.52,36.52,7800
951,2019-12-23,38.11,38.11,36.59,36.59,3301
952,2019-12-24,37.03,37.1,37.03,37.1,3900
953,2019-12-25,36.74,37.31,36.74,37.17,14680
954,2019-12-26,37.24,37.31,37.1,37.31,6607
955,2019-12-27,37.39,37.67,37.24,37.46,8229
956,2019-12-30,37.39,37.39,37.31,37.31,1800
957,2019-12-31,37.1,37.39,37.1,37.39,3700
958,2020-01-02,37.75,37.75,37.31,37.31,2200
959,2020-01-03,37.75,37.75,37.24,37.24,15700
960,2020-01-06,37.39,37.39,37.24,37.24,12200
961,2020-01-07,37.75,37.75,37.24,37.6,6300
962,2020-01-08,37.46,37.46,37.24,37.24,26900
963,2020-01-09,37.67,37.67,37.31,37.39,3600
964,2020-01-10,38.75,38.75,37.1,37.1,29450
965,2020-01-13,37.67,37.67,37.03,37.1,45324
966,2020-01-14,37.1,37.1,36.95,36.95,30001
967,2020-01-15,36.88,36.88,36.74,36.74,20900
968,2020-01-16,37.82,37.82,36.38,36.38,13300
969,2020-01-17,36.74,36.74,35.73,36.02,43707
970,2020-01-20,36.02,36.02,35.73,36.02,4003
971,2020-01-21,36.95,37.1,36.16,37.1,11320
972,2020-01-22,37.82,37.96,37.46,37.46,1700
973,2020-01-30,40.2,40.2,37.53,37.67,9374
974,2020-01-31,37.96,37.96,37.1,37.82,13500
975,2020-02-03,37.1,37.46,36.38,36.38,8501
976,2020-02-04,38.11,38.11,36.74,36.74,2500
977,2020-02-05,36.88,36.88,36.59,36.59,4729
978,2020-02-06,41.78,41.78,36.74,36.74,7800
979,2020-02-07,37.96,37.96,36.74,36.74,15500
980,2020-02-10,37.82,37.82,36.52,36.74,18346
981,2020-02-11,36.74,36.74,36.67,36.67,800
982,2020-02-12,36.74,36.88,36.52,36.74,22220
983,2020-02-13,36.88,36.88,36.23,36.23,7724
984,2020-02-14,36.74,36.88,36.74,36.74,15425
985,2020-02-17,36.74,36.74,36.74,36.74,0
986,2020-02-18,36.38,36.88,36.38,36.88,10120
987,2020-02-19,36.74,38.83,36.74,38.18,11300
988,2020-02-20,37.03,37.03,36.74,36.74,4150
989,2020-02-21,36.74,36.74,36.38,36.38,7850
990,2020-02-24,36.16,36.74,36.16,36.45,6400
991,2020-02-25,33.14,36.23,33.14,36.23,5000
992,2020-02-26,35.66,35.66,35.01,35.01,5560
993,2020-02-27,36.45,36.45,34.22,34.22,26211
994,2020-02-28,35.8,36.88,35.8,36.88,800
995,2020-03-02,35.66,35.66,35.66,35.66,501
996,2020-03-03,35.3,36.02,34.58,36.02,15912
997,2020-03-04,36.02,36.59,35.3,36.59,11400
998,2020-03-05,36.74,36.88,35.37,36.88,11900
999,2020-03-06,36.09,36.09,36.09,36.88,10
1000,2020-03-09,35.51,35.51,32.42,32.42,4951
1001,2020-03-10,33.86,33.86,33.86,33.86,100
1002,2020-03-11,33.86,33.86,33.86,33.86,1500
1003,2020-03-12,32.63,32.63,32.06,32.06,4901
1004,2020-03-13,30.98,30.98,28.81,29.53,9610
1005,2020-03-16,30.69,30.98,30.25,30.25,3200
1006,2020-03-17,30.61,30.61,29.82,29.82,700
1007,2020-03-18,30.83,30.98,30.61,30.61,6700
1008,2020-03-19,30.25,30.9,28.53,28.53,17714
1009,2020-03-20,29.68,29.89,28.6,29.75,3900
1010,2020-03-23,28.89,28.89,25.93,25.93,25031
1011,2020-03-24,27.88,27.95,27.37,27.52,1010
1012,2020-03-25,28.81,31.7,28.09,28.09,11900
1013,2020-03-26,28.09,28.81,27.81,27.81,24415
1014,2020-03-27,31.48,31.48,28.45,28.53,300
1015,2020-03-30,28.17,28.17,27.88,27.88,12300
1016,2020-03-31,30.83,30.83,27.88,28.81,2600
1017,2020-04-01,29.39,29.39,27.45,27.81,1600
1018,2020-04-03,28.81,28.81,27.73,28.81,2820
1019,2020-04-06,29.89,29.89,29.1,29.53,5240
1020,2020-04-07,30.25,30.25,29.39,29.53,9000
1021,2020-04-08,30.25,30.25,29.89,30.11,3000
1022,2020-04-09,30.04,30.04,29.82,29.97,4400
1023,2020-04-10,30.11,30.18,30.11,30.11,8220
1024,2020-04-13,32.34,32.34,29.68,29.89,13839
1025,2020-04-14,32.34,32.34,29.68,29.89,6740
1026,2020-04-15,29.89,30.04,29.53,30.04,5930
1027,2020-04-16,31.26,31.26,29.68,29.75,12700
1028,2020-04-17,30.04,30.11,28.31,29.82,13000
1029,2020-04-20,30.98,30.98,29.39,29.53,8000
1030,2020-04-21,30.83,31.12,29.17,29.17,8460
1031,2020-04-22,29.53,29.97,29.53,29.89,85800
1032,2020-04-23,29.82,29.82,29.39,29.82,8403
1033,2020-04-24,29.68,29.68,29.53,29.53,700
1034,2020-04-27,30.18,30.98,29.53,29.53,7000
1035,2020-04-28,30.4,30.4,30.18,30.25,401
1036,2020-04-29,29.03,29.39,29.03,29.39,1617
1037,2020-05-04,28.81,29.03,28.81,29.03,4059
1038,2020-05-05,29.03,29.03,29.03,29.03,300
1039,2020-05-06,28.6,29.53,28.6,29.03,14111
1040,2020-05-07,28.45,28.81,28.09,28.17,7549
1041,2020-05-08,28.74,29.1,28.24,28.24,17319
1042,2020-05-11,29.82,29.97,28.45,28.45,7700
1043,2020-05-12,28.45,29.17,28.45,29.17,21039
1044,2020-05-13,28.81,28.81,28.45,28.67,15010
1045,2020-05-14,28.6,28.67,28.38,28.45,24000
1046,2020-05-15,28.6,28.6,28.31,28.38,11200
1047,2020-05-18,28.53,29.89,28.17,28.81,10991
1048,2020-05-19,28.81,28.81,28.81,28.81,4911
1049,2020-05-20,28.31,28.45,28.31,28.38,4700
1050,2020-05-21,28.24,28.45,28.17,28.17,10881
1051,2020-05-22,28.31,28.31,27.95,28.09,5012
1052,2020-05-25,28.09,28.09,27.59,27.81,5530
1053,2020-05-26,27.73,28.02,27.52,27.52,27300
1054,2020-05-27,27.66,27.66,27.37,27.52,6800
1055,2020-05-28,27.45,27.95,27.37,27.95,1300
1056,2020-05-29,27.66,27.73,27.66,27.73,200
1057,2020-06-01,27.37,27.37,26.65,26.65,37500
1058,2020-06-02,27.16,27.16,26.65,26.8,14520
1059,2020-06-03,26.94,26.94,26.94,26.94,1700
1060,2020-06-04,26.94,27.3,26.94,27.3,5031
1061,2020-06-05,26.87,27.01,26.65,26.8,32210
1062,2020-06-08,27.16,28.81,27.09,28.09,90279
1063,2020-06-09,28.81,30.9,28.6,29.75,53221
1064,2020-06-10,29.46,29.46,28.81,29.39,16800
1065,2020-06-11,28.81,29.25,28.38,28.38,23031
1066,2020-06-12,28.09,28.09,26.94,27.66,32690
1067,2020-06-15,27.01,27.23,26.65,26.72,23001
1068,2020-06-16,28.02,28.02,26.51,26.65,64500
1069,2020-06-17,26.8,27.01,26.8,26.94,2011
1070,2020-06-18,26.72,26.94,26.65,26.8,12035
1071,2020-06-19,26.72,26.8,26.65,26.8,10200
1072,2020-06-22,26.72,27.37,26.65,26.72,26400
1073,2020-06-23,26.8,27.3,26.8,27.09,6131
1074,2020-06-24,27.01,27.01,26.87,26.87,1900
1075,2020-06-25,26.87,27.01,26.8,26.87,19330
1076,2020-06-26,26.94,27.3,26.94,27.3,10300
1077,2020-06-29,27.37,27.37,26.72,27.37,16500
1078,2020-06-30,27.16,27.37,26.72,27.37,10551
1079,2020-07-01,27.09,27.16,27.01,27.09,2500
1080,2020-07-02,27.37,27.81,27.37,27.66,12500
1081,2020-07-03,27.66,27.66,27.09,27.37,16600
1082,2020-07-06,27.16,27.16,26.8,27.01,10300
1083,2020-07-07,26.94,27.01,26.87,26.87,2800
1084,2020-07-08,26.72,27.16,26.72,27.16,3100
1085,2020-07-09,26.94,26.94,26.65,26.94,25310
1086,2020-07-10,27.01,27.01,26.8,26.94,2000
1087,2020-07-13,26.8,26.87,26.8,26.87,700
1088,2020-07-14,26.8,26.94,26.65,26.94,11303
1089,2020-07-15,26.87,27.01,26.87,26.87,8910
1090,2020-07-16,26.8,26.87,26.65,26.65,10210
1091,2020-07-17,26.72,26.72,26.65,26.65,10540
1092,2020-07-20,26.94,27.23,26.65,26.65,9600
1093,2020-07-21,26.72,26.72,26.65,26.65,700
1094,2020-07-22,26.65,26.65,26.65,26.65,1
1095,2020-07-23,26.65,26.65,26.29,26.29,1814
1096,2020-07-24,26.0,26.08,25.57,25.93,14252
1097,2020-07-27,23.92,24.13,23.77,24.13,27801
1098,2020-07-28,24.13,25.14,24.13,25.14,4812
1099,2020-07-29,26.29,26.29,23.84,23.92,3000
1100,2020-07-30,25.57,25.57,24.2,25.36,49200
1101,2020-07-31,25.21,26.36,25.21,26.29,4500
1102,2020-08-03,23.84,25.93,23.84,25.93,9000
1103,2020-08-04,25.79,26.29,25.79,26.29,12000
1104,2020-08-05,27.01,27.01,26.65,26.87,5621
1105,2020-08-06,26.36,28.45,26.36,28.45,10700
1106,2020-08-07,28.02,28.02,26.29,26.8,4300
1107,2020-08-10,26.8,27.01,26.65,26.65,17001
1108,2020-08-11,27.59,27.59,26.65,27.01,9120
1109,2020-08-12,27.45,27.45,26.8,27.01,3100
1110,2020-08-13,27.37,27.37,27.23,27.23,10510
1111,2020-08-14,27.3,27.37,26.65,26.65,6600
1112,2020-08-17,27.45,27.45,26.72,26.72,300
1113,2020-08-18,27.37,27.37,27.37,27.37,110
1114,2020-08-19,26.8,26.8,26.65,26.65,21019
1115,2020-08-20,26.72,26.72,26.65,26.72,12210
1116,2020-08-21,26.72,26.8,26.72,26.8,5100
1117,2020-08-24,27.3,28.09,27.3,28.09,23219
1118,2020-08-25,28.09,28.31,27.52,27.66,19710
1119,2020-08-26,28.02,27.66,27.66,27.66,0
1120,2020-08-27,28.38,28.38,27.45,27.45,13212
1121,2020-08-28,28.02,28.09,27.66,27.73,12710
1122,2020-08-31,30.61,30.61,27.73,28.67,650
1123,2020-09-01,27.73,27.81,27.73,27.73,3275
1124,2020-09-03,28.09,28.09,27.66,27.81,13520
1125,2020-09-04,28.17,28.38,28.09,28.09,48300
1126,2020-09-07,28.09,28.38,27.66,28.31,6510
1127,2020-09-08,28.31,28.53,28.17,28.45,9200
1128,2020-09-09,28.17,28.17,28.17,28.17,1450
1129,2020-09-10,27.73,28.31,27.73,28.17,1700
1130,2020-09-11,28.17,28.17,28.17,28.17,0
1131,2020-09-14,27.73,28.17,27.45,28.17,5119
1132,2020-09-15,28.45,28.45,27.73,28.09,8910
1133,2020-09-16,28.24,28.24,28.09,28.09,1250
1134,2020-09-17,28.09,28.17,27.88,27.88,810
1135,2020-09-18,28.24,28.24,27.81,27.95,7800
1136,2020-09-21,28.45,28.45,27.73,27.88,5700
1137,2020-09-22,28.09,28.09,28.09,28.09,1105
1138,2020-09-23,28.45,28.81,28.09,28.24,3000
1139,2020-09-24,28.31,28.31,27.95,27.95,300
1140,2020-09-25,27.73,28.81,27.73,28.81,2600
1141,2020-09-28,28.81,28.81,27.95,27.95,2817
1142,2020-09-29,28.09,28.09,27.37,27.37,7410
1143,2020-09-30,28.45,28.45,28.45,28.45,101
1144,2020-10-01,28.38,28.45,28.38,28.38,3809
1145,2020-10-02,27.52,28.81,27.37,27.37,25118
1146,2020-10-05,29.17,29.17,27.66,27.66,900
1147,2020-10-06,27.59,27.88,27.45,27.88,8900
1148,2020-10-07,27.37,28.09,27.37,27.37,124400
1149,2020-10-08,27.45,27.73,27.37,27.37,25100
1150,2020-10-09,27.09,27.16,26.94,27.09,8900
1151,2020-10-12,27.01,27.66,27.01,27.37,14800
1152,2020-10-13,27.66,27.66,27.3,27.3,9300
1153,2020-10-14,27.73,27.73,27.01,27.37,10000
1154,2020-10-15,27.16,27.3,26.8,27.01,4800
1155,2020-10-16,27.16,27.16,27.01,27.01,2600
1156,2020-10-19,27.01,27.37,27.01,27.3,8500
1157,2020-10-20,27.16,27.23,27.01,27.01,4200
1158,2020-10-21,27.09,27.09,27.01,27.09,8300
1159,2020-10-22,27.01,27.16,27.01,27.16,5600
1160,2020-10-23,27.16,27.52,27.01,27.52,59900
1161,2020-10-26,27.52,28.31,27.52,27.73,91300
1162,2020-10-27,27.73,27.73,27.01,27.37,5300
1163,2020-10-28,27.3,27.37,26.94,27.09,25700
1164,2020-10-29,26.72,27.09,26.65,27.09,7800
1165,2020-10-30,27.09,27.09,26.94,27.09,12700
1166,2020-11-02,27.09,27.09,26.8,26.87,16600
1167,2020-11-03,26.8,26.8,26.65,26.65,5800
1168,2020-11-04,26.65,27.37,26.29,26.8,26600
1169,2020-11-05,26.72,26.94,26.72,26.87,12700
1170,2020-11-06,26.94,26.94,26.65,26.65,6200
1171,2020-11-09,26.72,27.3,26.72,27.09,16300
1172,2020-11-10,27.23,27.52,27.16,27.37,41200
1173,2020-11-11,27.52,27.52,27.37,27.37,11900
1174,2020-11-12,27.45,27.45,27.37,27.37,1800
1175,2020-11-13,28.74,28.74,26.94,27.3,8500
1176,2020-11-16,27.66,27.66,27.01,27.01,14000
1177,2020-11-17,27.01,27.73,27.01,27.37,21900
1178,2020-11-18,27.66,27.66,27.09,27.37,21000
1179,2020-11-19,27.81,27.81,26.94,27.09,19400
1180,2020-11-20,27.66,27.66,27.3,27.37,22900
1181,2020-11-23,28.31,28.31,27.09,27.66,45100
1182,2020-11-24,28.02,28.02,27.16,27.37,13600
1183,2020-11-25,27.37,27.37,27.23,27.3,18800
1184,2020-11-26,27.95,28.53,27.37,27.37,78800
1185,2020-11-27,27.45,29.53,27.37,28.31,68500
1186,2020-11-30,28.31,29.39,28.31,29.1,73700
1187,2020-12-01,28.67,30.11,28.45,30.04,29400
1188,2020-12-02,30.04,30.61,29.53,29.97,173900
1189,2020-12-03,29.97,30.69,29.75,29.97,52600
1190,2020-12-04,29.61,30.25,29.53,29.82,31500
1191,2020-12-07,30.11,31.26,29.89,30.98,68300
1192,2020-12-08,30.98,34.58,30.98,34.5,136300
1193,2020-12-09,34.58,37.1,34.58,36.74,168900
1194,2020-12-10,36.74,37.17,34.58,35.3,84400
1195,2020-12-11,35.87,35.95,34.29,34.79,42119
1196,2020-12-14,34.94,35.66,34.94,35.66,74260
1197,2020-12-15,35.8,35.87,35.3,35.59,53410
1198,2020-12-16,35.59,35.59,35.37,35.51,69580
1199,2020-12-17,32.22,36.06,32.22,34.49,50800
1200,2020-12-18,34.81,34.88,32.92,34.65,36179
1201,2020-12-21,34.1,34.1,32.38,33.32,45773
1202,2020-12-22,33.32,33.32,32.14,32.22,22160
1203,2020-12-23,32.14,33.32,31.98,33.16,24760
1204,2020-12-24,33.63,33.63,32.22,32.92,12400
1205,2020-12-25,33.0,33.0,32.53,32.92,13450
1206,2020-12-28,34.02,34.02,32.53,33.32,12910
1207,2020-12-29,33.71,33.71,32.61,33.32,8410
1208,2020-12-30,33.32,33.32,32.92,33.24,13025
1209,2020-12-31,33.32,35.98,32.92,33.63,15250
1210,2021-01-04,35.2,35.2,33.08,33.47,23721
1211,2021-01-05,33.47,33.55,33.32,33.4,15943
1212,2021-01-06,34.02,34.02,33.32,33.32,21840
1213,2021-01-07,33.4,33.4,33.32,33.4,18800
1214,2021-01-08,33.4,33.71,33.32,33.47,32551
1215,2021-01-11,34.02,34.02,32.92,32.92,23233
1216,2021-01-12,33.63,36.84,33.0,35.75,93343
1217,2021-01-13,35.83,37.55,35.28,35.36,20840
1218,2021-01-14,33.79,35.98,33.79,34.88,15300
1219,2021-01-15,35.2,35.98,34.18,34.96,24260
1220,2021-01-18,34.96,35.2,34.18,34.34,16692
1221,2021-01-19,34.41,34.88,32.22,33.32,36800
1222,2021-01-20,33.71,33.71,32.3,32.92,62275
1223,2021-01-21,33.71,33.71,32.77,33.71,43518
1224,2021-01-22,33.63,36.61,33.63,35.28,67420
1225,2021-01-25,35.28,39.04,35.28,38.33,250686
1226,2021-01-26,39.12,40.76,37.08,37.79,216008
1227,2021-01-27,37.63,37.86,36.22,37.86,89820
1228,2021-01-28,35.9,36.77,31.75,32.14,181765
1229,2021-01-29,32.61,35.2,29.87,35.2,70600
1230,2021-02-01,34.49,34.49,31.04,31.44,67508
1231,2021-02-02,30.97,33.16,30.97,32.69,62330
1232,2021-02-03,33.24,34.49,33.08,34.26,24200
1233,2021-02-04,35.9,35.9,34.02,34.18,12600
1234,2021-02-05,32.22,34.49,32.22,34.26,15801
1235,2021-02-08,34.49,34.49,32.77,32.85,29954
1236,2021-02-09,31.44,33.71,31.44,33.47,19832
1237,2021-02-17,35.04,35.04,32.92,34.18,15300
1238,2021-02-18,34.18,36.06,34.02,36.06,76600
1239,2021-02-19,36.45,36.45,34.1,35.67,34242
1240,2021-02-22,35.28,36.06,34.34,35.75,48200
1241,2021-02-23,35.12,35.28,34.49,34.49,12526
1242,2021-02-24,35.67,35.9,34.73,35.75,43254
1243,2021-02-25,34.57,35.83,34.57,35.43,5200
1244,2021-02-26,35.04,36.84,34.96,36.84,65183
1245,2021-03-01,36.06,36.84,36.06,36.06,9960
1246,2021-03-02,35.83,35.98,35.51,35.9,9830
1247,2021-03-03,36.84,36.84,35.51,36.53,19150
1248,2021-03-04,36.84,36.84,35.9,36.14,42300
1249,2021-03-05,36.06,38.02,35.9,38.02,53412
1250,2021-03-08,38.57,38.8,38.02,38.02,13039
1251,2021-03-09,37.63,39.2,37.39,39.2,31600
1252,2021-03-10,38.02,38.41,37.63,38.41,6800
1253,2021-03-11,38.41,39.2,37.94,39.2,27600
1254,2021-03-12,39.98,39.98,38.26,38.57,13500
1255,2021-03-15,39.12,41.55,39.12,39.82,63493
1256,2021-03-16,41.86,41.86,40.37,41.47,42600
1257,2021-03-17,41.55,41.55,40.76,40.76,3200
1258,2021-03-18,40.76,40.76,40.76,40.76,858
1259,2021-03-19,40.69,40.76,40.69,40.76,830
1260,2021-03-22,41.31,41.31,41.31,41.31,100
1261,2021-03-23,38.8,40.37,38.8,40.37,539
1262,2021-03-24,39.59,40.37,39.59,39.98,1324
1263,2021-03-25,38.8,39.12,37.63,39.12,2300
1264,2021-03-26,38.8,38.8,35.9,36.45,10316
1265,2021-03-29,38.33,40.76,38.33,40.69,35600
1266,2021-03-30,40.69,40.76,39.9,40.69,8710
1267,2021-03-31,39.98,46.41,39.98,41.08,20108
1268,2021-04-01,40.06,41.08,38.8,40.92,10700
1269,2021-04-02,40.76,41.23,39.59,40.69,5100
1270,2021-04-05,40.37,40.37,39.2,39.51,9900
1271,2021-04-06,38.41,39.51,38.41,39.43,7660
1272,2021-04-07,40.37,40.37,39.2,39.51,4401
1273,2021-04-08,40.53,40.53,39.2,39.59,10001
1274,2021-04-09,40.29,40.29,40.29,40.29,131
1275,2021-04-12,39.2,39.59,38.65,38.8,8520
1276,2021-04-13,37.71,39.67,37.63,39.12,16231
1277,2021-04-14,40.29,40.29,37.86,38.8,13000
1278,2021-04-15,39.04,39.04,37.63,37.63,5600
1279,2021-04-16,39.04,39.04,39.04,39.04,100
1280,2021-04-19,38.73,38.73,38.65,38.65,500
1281,2021-04-20,38.41,38.41,38.02,38.02,407
1282,2021-04-22,38.02,38.02,36.84,36.84,4030
1283,2021-04-23,37.0,38.02,36.92,37.94,2800
1284,2021-04-26,39.2,42.33,36.45,38.1,9700
1285,2021-04-27,36.06,36.84,36.06,36.37,14703
1286,2021-04-28,39.2,39.2,36.45,38.02,3000
1287,2021-04-29,38.96,38.96,37.63,38.02,400
1288,2021-05-04,35.98,37.79,35.75,36.14,32600
1289,2021-05-05,36.84,36.92,35.67,35.9,69900
1290,2021-05-06,37.16,37.63,35.28,36.06,38200
1291,2021-05-07,36.06,36.06,34.49,36.06,17822
1292,2021-05-10,36.69,36.69,34.88,35.98,22600
1293,2021-05-11,35.83,36.22,35.2,35.28,29000
1294,2021-05-12,35.59,35.67,35.28,35.67,9700
1295,2021-05-13,35.59,35.67,35.28,35.28,7100
1296,2021-05-14,36.9,36.9,35.26,35.26,21415
1297,2021-05-17,36.82,36.82,33.62,34.03,35400
1298,2021-05-18,34.44,35.92,34.03,34.44,9100
1299,2021-05-19,35.26,35.67,34.44,35.67,10900
1300,2021-05-20,35.67,35.67,34.44,34.44,34400
1301,2021-05-21,35.26,35.26,34.44,35.26,5803
1302,2021-05-24,34.36,34.94,34.36,34.94,8430
1303,2021-05-25,35.26,35.26,33.62,34.53,9100
1304,2021-05-26,34.85,34.85,33.79,34.44,7800
1305,2021-05-27,34.53,34.85,34.44,34.44,12600
1306,2021-05-28,34.2,35.18,34.2,34.85,1900
1307,2021-05-31,35.18,35.26,34.44,35.26,6101
1308,2021-06-01,35.26,35.26,34.03,34.44,2610
1309,2021-06-02,35.18,35.18,33.62,34.2,4131
1310,2021-06-03,34.44,35.1,34.12,34.53,6900
1311,2021-06-04,34.36,34.85,34.36,34.85,5200
1312,2021-06-07,33.71,34.44,33.62,33.87,8320
1313,2021-06-08,35.59,35.59,34.44,34.44,3100
1314,2021-06-09,34.61,34.85,34.61,34.85,1920
1315,2021-06-10,34.85,34.85,34.44,34.44,4100
1316,2021-06-11,34.03,35.18,34.03,35.02,13500
1317,2021-06-14,34.61,35.67,34.61,35.51,15310
1318,2021-06-15,36.08,36.08,35.67,35.67,9100
1319,2021-06-16,35.59,35.59,34.85,34.85,5000
1320,2021-06-17,34.53,35.26,34.44,35.26,4600
1321,2021-06-18,34.94,36.0,34.94,35.67,8400
1322,2021-06-21,37.56,37.56,35.67,35.67,3800
1323,2021-06-22,36.41,36.41,35.51,35.51,1700
1324,2021-06-23,34.03,35.84,34.03,35.18,2306
1325,2021-06-24,35.26,35.26,35.26,35.26,4200
1326,2021-06-25,34.53,35.26,34.53,35.26,3702
1327,2021-06-28,34.85,35.67,34.85,34.85,10450
1328,2021-06-29,36.08,36.08,34.85,35.59,700
1329,2021-06-30,35.67,36.0,35.02,35.26,1920
1330,2021-07-01,35.26,35.26,35.1,35.18,2500
1331,2021-07-02,35.92,35.92,34.94,35.18,7631
1332,2021-07-05,35.26,35.26,34.85,35.18,2020
1333,2021-07-06,35.18,35.18,34.69,34.85,19700
1334,2021-07-07,34.85,34.85,33.62,34.85,8700
1335,2021-07-08,35.59,35.59,34.12,35.1,11200
1336,2021-07-09,35.67,35.67,34.44,34.44,600
1337,2021-07-12,33.62,34.85,33.62,34.28,6300
1338,2021-07-13,35.43,35.43,33.21,34.2,2100
1339,2021-07-14,35.02,35.02,33.46,34.03,3600
1340,2021-07-15,34.44,34.44,32.8,32.8,2300
1341,2021-07-16,33.95,35.51,33.62,33.62,1500
1342,2021-07-19,35.18,35.18,35.18,35.18,100
1343,2021-07-20,34.28,34.44,34.28,34.44,1700
1344,2021-07-21,35.18,35.18,34.53,34.61,1600
1345,2021-07-22,34.53,34.61,34.53,34.53,590
1346,2021-07-23,34.53,34.53,33.54,33.62,4200
1347,2021-07-26,34.44,34.44,32.64,33.62,13200
1348,2021-07-27,33.62,34.03,33.62,33.62,3303
1349,2021-07-28,34.44,34.44,34.2,34.2,2287
1350,2021-07-29,34.2,34.36,34.12,34.36,1300
1351,2021-07-30,34.03,39.36,33.79,39.36,6400
1352,2021-08-02,36.0,37.31,34.61,36.0,3850
1353,2021-08-03,35.26,35.67,35.18,35.18,4800
1354,2021-08-04,34.44,35.59,34.44,35.51,500
1355,2021-08-05,34.53,35.18,34.53,35.18,210
1356,2021-08-06,35.1,35.35,34.85,35.26,9500
1357,2021-08-09,36.08,36.08,34.85,35.26,2700
1358,2021-08-10,35.35,35.59,35.35,35.35,3420
1359,2021-08-11,35.43,35.59,35.43,35.43,2600
1360,2021-08-12,34.94,35.43,33.62,33.62,5100
1361,2021-08-13,35.67,35.67,34.2,34.44,12008
1362,2021-08-16,34.61,35.84,34.44,35.26,22600
1363,2021-08-17,35.26,35.51,35.26,35.26,2700
1364,2021-08-18,35.43,38.3,35.43,37.72,94710
1365,2021-08-19,38.13,38.46,36.9,36.9,24900
1366,2021-08-20,37.89,38.22,36.82,36.82,13281
1367,2021-08-23,37.64,38.13,34.77,35.59,18705
1368,2021-08-24,35.59,35.59,35.26,35.51,11800
1369,2021-08-25,35.26,35.35,35.26,35.35,4200
1370,2021-08-26,34.53,35.26,34.53,35.26,5290
1371,2021-08-27,35.26,35.51,34.53,34.85,3100
1372,2021-08-30,35.02,35.67,35.02,35.67,57631
1373,2021-08-31,37.64,37.64,35.26,36.82,15815
1374,2021-09-01,35.02,36.74,35.02,36.74,6500
1375,2021-09-06,37.23,37.23,34.85,35.26,47800
1376,2021-09-07,35.26,36.0,35.02,35.02,45800
1377,2021-09-08,35.26,35.26,34.85,35.02,6500
1378,2021-09-09,35.1,35.43,35.02,35.43,2100
1379,2021-09-10,35.92,35.92,35.02,35.26,11700
1380,2021-09-13,35.67,35.92,35.51,35.92,26900
1381,2021-09-14,35.67,35.92,35.67,35.92,5900
1382,2021-09-15,35.92,35.92,35.35,35.43,1805
1383,2021-09-16,36.08,36.08,35.26,35.51,8000
1384,2021-09-17,36.08,36.08,35.43,35.51,9504
1385,2021-09-20,35.35,36.08,35.26,35.51,14800
1386,2021-09-21,35.59,35.59,34.85,34.85,12710
1387,2021-09-22,35.18,35.18,35.18,35.18,5700
1388,2021-09-23,35.59,35.59,35.02,35.1,12101
1389,2021-09-24,35.1,35.26,34.94,35.26,12300
1390,2021-09-27,35.1,35.1,34.53,34.53,9200
1391,2021-09-28,33.87,34.85,33.87,34.85,7400
1392,2021-09-29,34.44,35.02,34.44,35.02,1800
1393,2021-09-30,35.1,39.77,35.1,39.77,37300
1394,2021-10-01,35.76,36.41,35.26,36.41,8400
1395,2021-10-04,36.33,36.33,35.35,35.35,5500
1396,2021-10-05,36.08,36.08,35.35,35.43,35900
1397,2021-10-06,36.08,36.08,35.51,35.92,10834
1398,2021-10-07,36.0,36.17,35.67,35.92,14800
1399,2021-10-08,36.25,37.48,35.92,36.99,54550
1400,2021-10-11,37.97,37.97,36.66,37.31,30300
1401,2021-10-12,36.9,37.64,35.35,37.64,32600
1402,2021-10-13,37.97,38.05,36.41,37.81,25120
1403,2021-10-14,37.31,37.72,37.23,37.72,17500
1404,2021-10-15,37.97,38.05,37.31,37.4,41600
1405,2021-10-18,35.76,40.18,35.76,38.54,103380
1406,2021-10-19,38.79,38.79,38.38,38.38,401
1407,2021-10-20,38.54,38.54,37.31,37.31,1100
1408,2021-10-21,36.41,36.9,36.41,36.9,2900
1409,2021-10-22,36.9,36.9,35.76,36.74,6080
1410,2021-10-25,36.58,37.56,36.58,37.31,6100
1411,2021-10-26,36.66,37.4,36.58,37.31,3250
1412,2021-10-27,37.31,37.89,37.31,37.72,24929
1413,2021-10-28,37.64,38.05,37.64,37.64,450
1414,2021-10-29,37.72,38.13,37.07,37.89,10900
1415,2021-11-01,36.9,37.97,35.26,37.64,8900
1416,2021-11-02,37.72,37.72,36.99,36.99,29600
1417,2021-11-03,37.15,37.64,37.07,37.15,12750
1418,2021-11-04,37.31,38.13,37.31,37.97,89245
1419,2021-11-05,37.72,38.05,37.64,37.64,15079
1420,2021-11-08,38.46,39.77,38.46,39.77,90665
1421,2021-11-09,40.18,40.18,38.95,39.2,30850
1422,2021-11-10,39.36,39.69,38.3,38.46,8320
1423,2021-11-11,37.89,39.36,37.89,39.2,21800
1424,2021-11-12,38.79,38.95,38.46,38.71,3900
1425,2021-11-15,38.54,38.79,37.72,38.54,17120
1426,2021-11-16,38.54,38.54,37.72,38.54,11100
1427,2021-11-17,38.05,38.46,37.72,37.81,9120
1428,2021-11-18,37.81,38.46,37.31,37.97,10400
1429,2021-11-19,37.56,37.56,37.31,37.31,11352
1430,2021-11-22,36.9,37.07,36.58,36.58,11000
1431,2021-11-23,37.72,38.38,36.49,37.56,8300
1432,2021-11-24,37.64,38.38,36.49,37.64,11600
1433,2021-11-25,37.64,38.05,36.9,37.72,14505
1434,2021-11-26,36.99,37.31,36.9,37.07,5015
1435,2021-11-29,36.99,37.72,36.9,37.23,17820
1436,2021-11-30,37.72,38.54,37.23,37.81,40627
1437,2021-12-01,37.64,37.64,37.07,37.15,1755
1438,2021-12-02,37.07,37.72,36.9,36.9,7718
1439,2021-12-03,38.13,38.13,36.9,36.99,9400
1440,2021-12-06,37.97,37.97,36.49,37.72,6800
1441,2021-12-07,37.48,38.05,37.31,37.97,27800
1442,2021-12-08,37.97,38.05,37.23,37.56,1300
1443,2021-12-09,38.05,38.13,37.07,37.56,8600
1444,2021-12-10,37.89,37.89,37.23,37.23,9700
1445,2021-12-13,37.31,37.64,37.23,37.64,9000
1446,2021-12-14,37.72,38.13,37.48,37.48,1200
1447,2021-12-15,37.15,37.72,37.15,37.72,1700
1448,2021-12-16,37.31,37.31,36.49,36.74,4700
1449,2021-12-17,36.74,38.38,36.74,37.72,3700
1450,2021-12-20,36.17,37.97,36.17,37.72,3800
1451,2021-12-21,37.23,38.3,36.9,37.97,27200
1452,2021-12-22,35.26,38.38,35.26,37.64,12103
1453,2021-12-23,37.31,37.64,36.9,37.64,9600
1454,2021-12-24,33.62,37.81,33.62,37.72,8707
1455,2021-12-27,37.97,38.13,37.56,37.81,4300
1456,2021-12-28,36.08,37.89,36.08,37.64,1700
1457,2021-12-29,37.72,37.89,37.72,37.72,1000
1458,2021-12-30,37.72,37.81,37.07,37.81,10200
1459,2021-12-31,37.81,42.15,37.15,37.64,29800
1460,2022-01-04,37.81,38.87,37.48,38.71,8901
1461,2022-01-05,38.95,38.95,38.13,38.13,7402
1462,2022-01-06,38.3,38.54,38.3,38.3,3000
1463,2022-01-07,37.72,38.22,37.72,38.13,4530
1464,2022-01-10,38.87,38.87,38.54,38.63,550
1465,2022-01-11,37.07,38.38,37.07,38.38,1017
1466,2022-01-12,35.43,38.38,35.43,37.97,27000
1467,2022-01-13,38.46,38.46,37.4,37.4,11500
1468,2022-01-14,37.4,42.89,37.4,37.72,7200
1469,2022-01-17,37.48,39.28,37.48,37.48,12708
1470,2022-01-18,36.08,37.56,36.08,37.56,10600
1471,2022-01-19,39.36,39.36,37.31,37.31,4905
1472,2022-01-20,39.2,39.2,36.49,37.56,5220
1473,2022-01-21,38.46,38.46,37.23,37.23,400
1474,2022-01-24,37.56,38.87,36.08,36.58,6100
1475,2022-01-25,38.54,38.54,36.9,37.4,400
1476,2022-01-26,37.64,37.64,37.64,37.64,100
1477,2022-01-27,37.56,37.64,37.56,37.64,700
1478,2022-01-28,39.28,40.18,37.48,38.46,1000
1479,2022-02-07,36.08,39.36,36.08,38.13,2300
1480,2022-02-08,37.48,37.89,37.4,37.4,2601
1481,2022-02-09,37.4,38.13,37.4,38.13,1200
1482,2022-02-10,36.58,38.13,36.58,38.13,3300
1483,2022-02-11,38.13,38.13,37.89,37.97,10102
1484,2022-02-14,38.05,38.05,37.4,37.4,400
1485,2022-02-15,38.05,38.54,38.05,38.54,5400
1486,2022-02-16,38.38,38.54,37.4,38.13,10128
1487,2022-02-17,38.05,38.05,38.05,38.05,0
1488,2022-02-18,37.97,37.97,37.31,37.4,4600
1489,2022-02-21,38.13,38.13,37.97,37.97,200
1490,2022-02-22,38.05,38.05,38.05,38.05,0
1491,2022-02-23,37.64,37.97,37.64,37.97,615
1492,2022-02-24,37.64,37.64,37.31,37.48,2700
1493,2022-02-25,37.31,37.31,36.49,37.31,4253
1494,2022-02-28,37.31,37.72,37.07,37.31,6200
1495,2022-03-01,36.9,37.31,36.82,37.31,8300
1496,2022-03-02,37.23,37.23,36.74,36.82,2033
1497,2022-03-03,36.9,36.9,36.49,36.9,6780
1498,2022-03-04,36.82,36.82,36.17,36.74,5500
1499,2022-03-07,36.33,37.23,36.33,37.23,8100
1500,2022-03-08,37.4,37.97,36.99,37.07,1700
1501,2022-03-09,37.56,38.13,37.23,37.31,402
1502,2022-03-10,37.72,38.05,36.9,37.72,3300
1503,2022-03-11,37.72,37.72,36.82,37.31,7500
1504,2022-03-14,36.82,36.99,36.49,36.9,1700
1505,2022-03-15,36.82,36.82,36.49,36.82,1800
1506,2022-03-16,36.82,36.82,36.08,36.58,4802
1507,2022-03-17,36.58,36.58,36.17,36.25,3235
1508,2022-03-18,36.41,36.49,36.17,36.49,5950
1509,2022-03-21,36.33,36.49,36.25,36.33,2100
1510,2022-03-22,36.91,37.33,36.5,36.5,3000
1511,2022-03-23,36.83,36.91,36.41,36.91,2950
1512,2022-03-24,36.66,38.17,36.5,38.17,25000
1513,2022-03-25,36.91,38.17,36.91,37.75,600
1514,2022-03-28,36.5,37.25,36.5,37.25,500
1515,2022-03-29,37.33,37.33,36.75,36.75,2300
1516,2022-03-30,36.75,37.59,36.75,37.59,11400
1517,2022-03-31,37.59,38.59,37.42,38.59,23500
1518,2022-04-01,38.17,38.17,37.75,38.09,16174
1519,2022-04-04,38.09,38.26,38.09,38.26,11508
1520,2022-04-05,38.59,38.59,38.51,38.51,1200
1521,2022-04-06,38.09,38.59,36.91,38.51,10324
1522,2022-04-07,37.42,37.42,36.91,37.17,17900
1523,2022-04-08,36.91,37.33,36.91,37.0,4900
1524,2022-04-12,36.91,36.91,36.58,36.83,7200
1525,2022-04-13,36.66,36.75,36.58,36.75,7800
1526,2022-04-14,36.16,37.67,35.4,36.83,1700
1527,2022-04-15,36.66,36.91,36.58,36.75,9500
1528,2022-04-18,36.75,39.85,36.75,38.26,166300
1529,2022-04-19,38.09,41.95,38.09,41.11,221300
1530,2022-04-20,41.11,41.11,38.59,39.85,45600
1531,2022-04-21,38.59,39.18,37.84,38.42,42100
1532,2022-04-22,38.26,39.01,38.26,38.42,42200
1533,2022-04-25,38.26,38.59,36.58,37.42,71500
1534,2022-04-26,35.24,36.91,35.24,36.91,21800
1535,2022-04-27,37.75,37.75,36.5,37.08,1800
1536,2022-04-28,38.17,38.17,36.08,37.25,2200
1537,2022-04-29,36.83,41.86,35.24,41.86,95000
1538,2022-05-04,38.59,38.59,36.91,38.51,5100
1539,2022-05-05,37.42,38.09,37.08,37.25,3000
1540,2022-05-06,36.16,37.08,36.16,37.0,6400
1541,2022-05-09,36.75,36.83,33.56,33.64,50400
1542,2022-05-10,35.24,35.91,34.4,35.82,6100
1543,2022-05-11,35.24,36.33,35.24,36.33,2400
1544,2022-05-12,36.24,36.24,33.64,35.66,18200
1545,2022-05-13,36.08,36.08,33.56,35.4,6400
1546,2022-05-16,35.57,35.57,34.9,34.9,400
1547,2022-05-17,35.99,35.99,34.73,35.82,26900
1548,2022-05-18,35.91,35.91,34.65,34.65,400
1549,2022-05-19,35.91,35.91,33.89,34.99,6000
1550,2022-05-20,34.99,34.99,34.14,34.14,1100
1551,2022-05-23,34.99,35.41,33.8,34.56,2400
1552,2022-05-24,34.73,34.73,33.55,33.8,10500
1553,2022-05-25,34.4,36.08,33.8,35.32,6600
1554,2022-05-26,35.32,36.0,34.56,35.41,8000
1555,2022-05-27,35.66,36.76,35.07,36.59,21100
1556,2022-05-30,35.83,36.92,34.56,36.59,4300
1557,2022-05-31,36.5,37.94,35.32,37.94,14500
1558,2022-06-01,37.09,37.09,34.65,36.84,5200
1559,2022-06-02,36.76,38.78,35.58,37.09,4100
1560,2022-06-03,36.92,37.09,35.58,36.25,4400
1561,2022-06-06,36.92,36.92,35.58,36.33,13800
1562,2022-06-07,36.42,36.42,33.72,35.66,7600
1563,2022-06-08,35.74,39.54,34.56,37.6,51700
1564,2022-06-09,37.51,39.54,36.33,37.43,5600
1565,2022-06-10,37.43,38.27,36.76,36.76,4400
1566,2022-06-13,34.73,36.92,34.73,36.92,17700
1567,2022-06-14,34.73,37.43,34.73,36.76,2900
1568,2022-06-15,36.67,37.85,35.49,35.83,5800
1569,2022-06-16,34.82,37.85,34.82,37.18,13700
1570,2022-06-17,37.26,37.77,34.99,36.76,19600
1571,2022-06-20,36.5,36.59,34.99,36.25,6300
1572,2022-06-21,36.08,36.08,34.82,36.08,600
1573,2022-06-22,36.59,37.01,35.41,36.25,7600
1574,2022-06-23,36.5,36.59,34.99,36.17,4200
1575,2022-06-24,35.58,36.5,35.58,36.42,6400
1576,2022-06-27,36.33,36.92,35.41,36.33,8400
1577,2022-06-28,36.25,36.76,35.58,36.42,4200
1578,2022-06-29,36.42,36.42,35.41,36.08,1300
1579,2022-06-30,35.83,36.76,35.83,36.76,900
1580,2022-07-01,35.41,36.08,35.32,36.08,2600
1581,2022-07-04,36.25,36.25,35.41,35.41,200
1582,2022-07-05,35.24,35.66,34.73,35.49,7700
1583,2022-07-06,34.82,35.32,34.82,35.32,1100
1584,2022-07-07,35.24,35.91,35.24,35.41,6800
1585,2022-07-08,35.66,35.66,34.14,35.66,5600
1586,2022-07-11,34.14,34.14,34.14,34.14,600
1587,2022-07-12,35.32,35.32,35.32,35.32,100
1588,2022-07-13,34.23,35.24,33.8,34.99,1100
1589,2022-07-14,35.32,35.32,34.56,34.56,5400
1590,2022-07-15,35.24,35.24,35.24,35.24,200
1591,2022-07-18,35.24,35.24,34.14,35.24,8200
1592,2022-07-19,35.24,35.24,34.14,35.15,600
1593,2022-07-20,35.24,37.6,35.24,36.42,7300
1594,2022-07-21,35.91,35.91,35.91,35.91,100
1595,2022-07-22,35.58,35.74,34.73,35.74,800
1596,2022-07-25,35.74,36.08,34.65,34.65,1400
1597,2022-07-26,34.9,35.41,34.56,35.41,21500
1598,2022-07-27,36.0,36.0,35.74,35.83,9800
1599,2022-07-28,35.74,35.74,35.74,35.74,70
1600,2022-07-29,34.82,39.2,34.82,39.2,25500
1601,2022-08-01,36.67,40.46,35.74,35.74,10170
1602,2022-08-02,36.08,36.08,36.08,36.08,100
1603,2022-08-03,37.51,37.51,36.84,36.84,200
1604,2022-08-04,37.18,37.18,37.18,37.18,0
1605,2022-08-05,36.25,36.67,35.32,36.67,8200
1606,2022-08-08,36.92,36.92,36.92,36.92,100
1607,2022-08-09,36.84,36.84,35.24,36.67,2000
1608,2022-08-10,36.67,36.67,35.41,36.25,2000
1609,2022-08-11,35.83,35.83,35.83,35.83,249
1610,2022-08-12,35.83,35.83,35.83,35.83,0
1611,2022-08-15,35.41,35.83,35.41,35.83,500
1612,2022-08-16,36.25,36.25,35.49,35.83,500
1613,2022-08-17,35.74,37.09,35.24,36.25,1434
1614,2022-08-18,36.25,36.25,36.25,36.25,100
1615,2022-08-19,36.17,37.09,36.17,37.09,2217
1616,2022-08-22,34.73,35.91,34.73,35.91,600
1617,2022-08-23,36.25,36.25,36.08,36.08,200
1618,2022-08-24,34.82,36.17,34.82,36.17,4200
1619,2022-08-25,35.83,35.83,34.9,35.41,5700
1620,2022-08-26,35.74,35.74,35.32,35.41,900
1621,2022-08-29,35.32,35.32,34.56,34.73,4700
1622,2022-08-30,34.73,34.99,34.14,34.99,2100
1623,2022-08-31,36.17,37.85,34.48,36.67,18300
1624,2022-09-05,36.17,36.17,34.48,34.65,12300
1625,2022-09-06,35.83,35.83,34.56,34.56,2300
1626,2022-09-07,34.56,34.56,34.4,34.56,1600
1627,2022-09-08,34.4,34.4,34.14,34.14,1300
1628,2022-09-09,35.24,35.24,33.97,34.9,1100
1629,2022-09-12,35.24,35.24,35.24,35.24,100
1630,2022-09-13,35.24,35.24,35.24,35.24,0
1631,2022-09-14,35.24,35.24,35.24,35.24,1
1632,2022-09-15,34.4,34.9,34.23,34.9,3200
1633,2022-09-16,34.31,34.9,34.14,34.14,520
1634,2022-09-19,33.97,34.99,33.97,34.99,1100
1635,2022-09-20,34.56,34.9,33.97,34.14,1003
1636,2022-09-21,34.06,34.56,34.06,34.56,300
1637,2022-09-22,34.23,34.23,34.23,34.23,0
1638,2022-09-23,33.89,34.73,33.89,34.73,700
1639,2022-09-26,33.97,34.48,33.21,34.48,600
1640,2022-09-27,33.72,34.4,33.72,34.4,307
1641,2022-09-28,33.97,33.97,33.97,33.97,0
1642,2022-09-29,34.4,34.4,33.13,34.31,1200
1643,2022-09-30,34.14,34.48,33.97,34.48,1300
1644,2022-10-03,34.14,34.14,34.14,34.14,0
1645,2022-10-04,34.14,34.14,34.14,34.14,0
1646,2022-10-05,34.14,34.48,33.64,33.64,2401
1647,2022-10-06,31.19,33.64,31.19,33.64,700
1648,2022-10-07,31.19,33.55,29.51,33.55,1100
1649,2022-10-10,33.3,33.3,33.3,33.3,100
1650,2022-10-11,33.3,33.3,33.3,33.3,0
1651,2022-10-12,33.3,33.3,33.3,33.3,0
1652,2022-10-13,29.67,32.03,29.67,32.03,200
1653,2022-10-14,31.95,32.46,31.95,32.46,300
1654,2022-10-17,29.59,32.46,29.59,32.46,2400
1655,2022-10-18,31.95,31.95,31.95,31.95,100
1656,2022-10-19,32.03,32.46,32.03,32.46,200
1657,2022-10-20,29.76,31.7,29.51,31.7,6101
1658,2022-10-21,31.78,31.78,29.51,31.11,2301
1659,2022-10-24,31.11,31.11,31.11,31.11,100
1660,2022-10-25,30.18,30.26,30.18,30.26,400
1661,2022-10-26,30.26,30.26,30.26,30.26,50
1662,2022-10-27,27.9,31.19,27.9,30.26,2700
1663,2022-10-28,30.85,30.85,30.85,30.85,100
1664,2022-10-31,31.11,31.11,28.66,28.66,200
1665,2022-11-01,30.94,30.94,28.49,28.66,13680
1666,2022-11-02,30.77,30.77,28.66,29.51,1000
1667,2022-11-03,30.01,30.01,28.66,28.66,1507
1668,2022-11-04,28.33,29.17,27.82,28.58,928
1669,2022-11-07,28.75,29.84,27.82,29.51,4201
1670,2022-11-08,29.0,29.0,28.24,28.24,1800
1671,2022-11-09,28.83,28.83,28.83,28.83,100
1672,2022-11-10,26.3,28.41,26.3,26.55,300
1673,2022-11-11,26.22,28.66,25.29,27.4,7200
1674,2022-11-14,24.78,27.06,24.62,27.06,20300
1675,2022-11-15,28.24,28.24,24.45,27.4,4000
1676,2022-11-16,27.99,28.24,26.89,26.98,5800
1677,2022-11-17,27.65,27.65,25.21,25.29,25500
1678,2022-11-18,26.81,26.81,25.29,26.05,6300
1679,2022-11-21,26.98,26.98,25.29,25.29,7800
1680,2022-11-22,26.72,26.72,25.29,26.3,2000
1681,2022-11-23,25.54,26.3,25.54,25.71,3500
1682,2022-11-24,25.63,26.55,25.63,25.71,700
1683,2022-11-25,26.47,26.47,26.05,26.39,3400
1684,2022-11-28,26.64,26.72,26.13,26.64,16200
1685,2022-11-29,26.89,27.65,26.89,26.98,3400
1686,2022-11-30,27.4,31.02,26.55,31.02,19605
1687,2022-12-01,32.62,32.62,28.41,31.95,6000
1688,2022-12-02,31.78,31.95,31.61,31.95,7700
1689,2022-12-05,31.78,35.41,27.9,34.56,9700
1690,2022-12-06,34.56,34.56,28.66,31.53,1400
1691,2022-12-07,32.46,33.21,29.34,31.7,900
1692,2022-12-08,32.88,34.9,32.88,34.9,500
1693,2022-12-09,30.1,33.3,29.51,29.51,3000
1694,2022-12-12,29.34,32.88,29.08,29.08,1600
1695,2022-12-13,31.78,31.78,29.67,29.67,1500
1696,2022-12-14,32.03,34.06,32.03,34.06,400
1697,2022-12-15,29.93,31.87,29.59,29.59,1500
1698,2022-12-16,31.11,31.19,31.11,31.19,220
1699,2022-12-19,32.79,32.88,30.01,30.01,400
1700,2022-12-20,29.42,31.11,28.66,31.11,1201
1701,2022-12-21,32.03,32.03,32.03,32.03,100
1702,2022-12-22,30.94,30.94,30.6,30.6,200
1703,2022-12-23,30.77,30.77,30.77,30.77,0
1704,2022-12-26,30.77,30.77,30.77,30.77,0
1705,2022-12-27,30.77,30.77,30.77,30.77,0
1706,2022-12-28,27.99,31.19,27.99,31.19,2762
1707,2022-12-29,31.11,34.48,30.01,33.72,2550
1708,2022-12-30,32.96,32.96,32.96,32.96,0
1709,2023-01-03,32.96,32.96,32.96,32.96,0
1710,2023-01-04,32.96,32.96,32.96,32.96,50
1711,2023-01-05,32.96,32.96,32.96,32.96,0
1712,2023-01-06,29.51,31.95,29.51,31.95,2303
1713,2023-01-09,28.75,31.44,28.75,29.93,1163
1714,2023-01-10,31.36,31.36,28.66,29.0,3400
1715,2023-01-11,33.21,33.21,29.51,29.51,600
1716,2023-01-12,28.33,30.18,28.24,28.33,1300
1717,2023-01-13,28.58,30.35,28.58,28.92,1000
1718,2023-01-16,30.35,30.35,29.51,29.51,800
1719,2023-01-17,28.41,29.51,28.41,29.51,1100
1720,2023-01-18,28.66,29.59,28.66,29.59,900
1721,2023-01-19,28.58,30.18,28.58,30.18,600
1722,2023-01-27,30.18,30.26,30.18,30.26,200
1723,2023-01-30,30.35,31.87,30.35,31.87,702
1724,2023-01-31,31.02,32.88,30.35,32.88,13000
1725,2023-02-01,30.94,30.94,30.94,30.94,0
1726,2023-02-02,32.88,32.88,29.67,29.93,2601
1727,2023-02-03,31.95,32.71,30.35,30.35,800
1728,2023-02-06,32.03,32.03,32.03,32.03,710
1729,2023-02-07,30.35,30.94,30.35,30.35,500
1730,2023-02-08,31.19,31.61,29.93,30.43,1800
1731,2023-02-09,30.35,30.35,29.25,29.25,911
1732,2023-02-10,30.01,31.11,29.51,29.51,1101
1733,2023-02-13,31.19,31.61,28.66,30.6,4500
1734,2023-02-14,30.77,30.77,28.66,28.66,1600
1735,2023-02-15,29.93,29.93,29.93,29.93,100
1736,2023-02-16,28.33,29.25,28.33,28.92,5310
1737,2023-02-17,27.9,29.42,27.9,29.42,824
1738,2023-02-20,28.41,28.41,28.41,28.41,103
1739,2023-02-21,29.42,29.42,29.42,29.42,100
1740,2023-02-22,29.51,30.26,28.83,29.51,400
1741,2023-02-23,27.99,29.51,27.99,29.51,1701
1742,2023-02-24,29.93,30.69,29.08,30.69,3900
1743,2023-02-27,31.11,31.11,28.33,29.0,1600
1744,2023-02-28,28.83,31.02,28.83,31.02,3900
1745,2023-03-01,28.83,28.83,28.66,28.66,5900
1746,2023-03-02,29.59,29.59,29.59,29.59,103
1747,2023-03-03,29.59,29.59,29.59,29.59,0
1748,2023-03-06,29.34,30.01,29.34,30.01,1000
1749,2023-03-07,29.59,29.59,29.59,29.59,0
1750,2023-03-08,29.59,29.59,29.59,29.59,5
1751,2023-03-09,29.59,29.59,29.59,29.59,0
1752,2023-03-10,29.59,29.59,29.59,29.59,0
1753,2023-03-13,28.66,28.75,27.06,28.75,1000
1754,2023-03-14,29.0,29.0,29.0,29.0,203
1755,2023-03-15,29.0,32.46,28.92,30.18,3310
1756,2023-03-16,28.75,29.51,28.75,29.51,700
1757,2023-03-17,29.51,29.51,29.0,29.34,1800
1758,2023-03-20,29.51,29.51,29.51,29.51,100
1759,2023-03-21,29.51,29.93,29.51,29.93,202
1760,2023-03-22,29.76,29.76,29.76,29.76,0
1761,2023-03-23,28.75,29.93,28.66,29.84,1307
1762,2023-03-24,30.1,30.1,30.1,30.1,100
1763,2023-03-27,28.92,29.76,28.92,29.76,1000
1764,2023-03-28,29.76,29.76,28.66,28.66,2801
1765,2023-03-29,28.92,29.84,28.92,29.84,2800
1766,2023-03-30,29.84,31.53,28.92,29.08,4100
1767,2023-03-31,28.75,31.02,28.75,31.02,13609
1768,2023-04-03,28.75,29.84,28.49,29.51,7119
1769,2023-04-04,29.67,29.67,29.67,29.67,300
1770,2023-04-05,29.67,29.76,29.67,29.76,500
1771,2023-04-06,28.66,29.34,28.49,29.17,2200
1772,2023-04-07,29.34,29.34,29.34,29.34,100
1773,2023-04-10,29.34,29.67,29.34,29.34,5638
1774,2023-04-11,28.75,29.59,28.75,29.51,2900
1775,2023-04-12,29.67,29.67,29.34,29.34,500
1776,2023-04-13,28.75,29.67,28.75,29.67,503
1777,2023-04-14,28.75,29.76,28.75,29.51,500
1778,2023-04-17,29.76,30.26,29.0,29.93,5121
1779,2023-04-18,29.76,29.76,29.0,29.0,3100
1780,2023-04-19,29.08,29.08,28.92,28.92,504
1781,2023-04-20,28.75,29.84,28.75,29.76,903
1782,2023-04-21,28.92,30.01,28.92,29.76,600
1783,2023-04-24,30.26,30.26,29.0,30.1,300
1784,2023-04-25,28.92,29.93,28.92,29.93,1600
1785,2023-04-26,30.01,30.01,30.01,30.01,100
1786,2023-04-27,30.01,30.01,30.01,30.01,0
1787,2023-04-28,29.76,31.61,29.0,31.36,10200
1788,2023-05-04,31.53,31.53,29.08,30.26,600
1789,2023-05-05,30.77,30.77,29.25,29.25,300
1790,2023-05-08,30.94,30.94,30.94,30.94,100
1791,2023-05-09,29.51,29.51,29.42,29.51,2900
1792,2023-05-10,30.69,31.61,29.42,30.6,19000
1793,2023-05-11,29.51,30.94,29.51,29.67,11106
1794,2023-05-12,30.26,30.26,29.51,29.51,7000
1795,2023-05-15,29.76,29.76,29.51,29.59,4400
1796,2023-05-16,29.67,30.1,29.51,30.1,17900
1797,2023-05-17,29.59,30.35,29.59,30.18,22400
1798,2023-05-18,30.1,30.1,29.51,29.51,10000
1799,2023-05-19,30.1,30.1,29.59,29.84,5300
1800,2023-05-22,31.13,31.13,27.22,29.49,6800
1801,2023-05-23,30.31,30.31,28.68,29.76,2001
1802,2023-05-24,29.76,30.31,29.76,29.76,1310
1803,2023-05-25,29.49,29.49,28.22,29.31,2400
1804,2023-05-26,28.95,29.58,28.13,29.58,12400
1805,2023-05-29,29.58,29.76,28.22,29.22,11400
1806,2023-05-30,29.22,29.22,28.49,28.86,5100
1807,2023-05-31,29.22,29.85,27.77,29.49,29900
1808,2023-06-01,28.31,28.95,27.68,27.86,15500
1809,2023-06-02,27.95,28.49,27.68,28.31,15801
1810,2023-06-05,28.31,28.49,27.4,28.13,12500
1811,2023-06-06,28.13,28.22,27.31,27.95,11800
1812,2023-06-07,27.86,28.86,27.59,28.68,25500
1813,2023-06-08,27.95,28.77,27.86,28.58,17200
1814,2023-06-09,28.49,29.4,28.13,28.86,25700
1815,2023-06-12,28.22,28.77,27.86,28.68,12000
1816,2023-06-13,28.58,28.58,27.95,28.49,11200
1817,2023-06-14,28.49,29.22,28.13,28.22,14400
1818,2023-06-15,28.22,28.95,28.04,28.31,15406
1819,2023-06-16,28.31,28.95,28.04,28.95,19600
1820,2023-06-19,28.4,28.95,28.22,28.68,16000
1821,2023-06-20,28.68,29.04,28.22,28.22,24300
1822,2023-06-21,28.58,28.86,28.13,28.68,11000
1823,2023-06-22,28.58,28.58,28.13,28.13,11000
1824,2023-06-23,28.49,28.58,28.04,28.31,22100
1825,2023-06-26,28.49,28.58,27.68,28.58,20200
1826,2023-06-27,28.49,28.86,28.13,28.22,40600
1827,2023-06-28,28.68,29.04,28.22,29.04,27401
1828,2023-06-29,28.31,29.04,28.31,28.95,46200
1829,2023-06-30,29.13,31.67,28.86,31.67,73700
1830,2023-07-03,29.67,30.4,28.68,30.22,23400
1831,2023-07-04,30.4,30.4,29.04,29.49,15600
1832,2023-07-05,29.49,30.76,29.04,29.95,341470
1833,2023-07-06,29.67,32.21,29.67,32.03,146112
1834,2023-07-07,32.21,33.12,30.76,31.13,148610
1835,2023-07-10,31.13,33.58,31.13,33.58,257171
1836,2023-07-11,33.58,36.3,33.03,35.21,94000
1837,2023-07-12,34.48,38.48,33.67,38.48,167123
1838,2023-07-13,35.39,38.48,35.3,37.21,9803
1839,2023-07-14,35.93,35.93,32.12,33.21,203523
1840,2023-07-17,33.21,37.3,32.67,34.94,11201
1841,2023-07-18,34.94,36.3,32.49,34.48,36820
1842,2023-07-19,33.48,34.03,32.12,32.31,65335
1843,2023-07-20,33.21,33.58,31.85,33.3,22800
1844,2023-07-21,33.21,33.48,32.03,33.3,27700
1845,2023-07-24,33.21,34.3,32.21,33.12,19703
1846,2023-07-25,33.12,33.85,32.76,32.76,19705
1847,2023-07-26,33.58,33.85,32.67,33.3,17500
1848,2023-07-27,33.39,33.67,31.94,31.94,32101
1849,2023-07-28,33.03,33.03,31.4,31.4,28335
1850,2023-07-31,32.76,33.58,31.4,33.58,39928
1851,2023-08-01,33.58,33.58,31.03,31.03,28114
1852,2023-08-02,31.76,31.94,30.85,31.76,4800
1853,2023-08-03,31.94,32.21,30.85,31.03,7010
1854,2023-08-04,31.13,31.58,30.85,31.58,9101
1855,2023-08-07,31.03,31.76,30.94,31.76,18217
1856,2023-08-08,31.76,32.4,31.76,32.31,38567
1857,2023-08-09,32.12,32.94,32.12,32.94,140345
1858,2023-08-10,32.94,33.12,32.76,32.85,92100
1859,2023-08-11,33.21,33.94,33.21,33.94,89058
1860,2023-08-14,33.94,34.39,33.94,34.03,45900
1861,2023-08-15,34.03,34.48,33.76,34.3,75900
1862,2023-08-16,33.94,35.84,33.94,35.84,106227
1863,2023-08-17,35.39,35.84,34.21,35.66,24200
1864,2023-08-18,32.21,35.66,32.21,32.21,26800
1865,2023-08-21,32.4,33.58,32.21,33.58,16600
1866,2023-08-22,33.12,33.94,31.85,32.67,16900
1867,2023-08-23,33.03,33.76,32.4,33.39,1310
1868,2023-08-24,33.21,33.94,32.31,32.31,15000
1869,2023-08-25,33.21,33.48,32.31,33.3,9400
1870,2023-08-28,33.03,33.03,31.85,32.94,17501
1871,2023-08-29,32.31,33.39,32.31,32.49,13302
1872,2023-08-30,33.21,33.39,33.21,33.39,1000
1873,2023-08-31,33.21,34.94,33.21,34.48,56500
1874,2023-09-05,34.03,34.94,33.58,34.39,102800
1875,2023-09-06,34.39,34.94,34.03,34.85,48207
1876,2023-09-07,34.85,34.94,34.21,34.94,75303
1877,2023-09-08,34.85,35.39,34.39,34.66,24800
1878,2023-09-11,35.21,36.03,35.21,35.21,216591
1879,2023-09-12,35.75,39.02,35.75,37.11,53660
1880,2023-09-13,37.11,38.57,35.39,35.39,36305
1881,2023-09-14,35.39,36.12,34.12,35.84,45908
1882,2023-09-15,35.75,35.75,34.3,35.57,28200
1883,2023-09-18,34.57,35.84,33.85,34.94,40200
1884,2023-09-19,35.03,35.3,33.85,34.66,30000
1885,2023-09-20,34.48,36.3,33.85,35.12,46148
1886,2023-09-21,34.94,35.39,34.48,34.94,30500
1887,2023-09-22,34.12,35.39,34.12,34.94,26610
1888,2023-09-25,34.76,35.39,34.21,34.76,59200
1889,2023-09-26,34.48,35.12,34.12,34.48,13520
1890,2023-09-27,33.94,35.21,33.58,34.85,39005
1891,2023-09-28,33.85,35.21,33.85,35.12,10757
1892,2023-09-29,34.12,35.12,34.12,35.12,5909
1893,2023-10-02,34.94,35.21,34.39,34.85,4400
1894,2023-10-03,34.76,34.85,34.21,34.48,7800
1895,2023-10-04,33.94,34.57,33.76,34.48,10646
1896,2023-10-05,34.48,34.48,33.58,34.3,8007
1897,2023-10-06,34.3,34.3,33.76,33.85,8300
1898,2023-10-09,33.67,34.3,33.67,34.3,14513
1899,2023-10-10,33.85,34.3,33.48,34.03,27500
1900,2023-10-11,33.58,34.03,33.48,33.94,9307
1901,2023-10-12,33.67,33.94,33.48,33.85,12724
1902,2023-10-13,33.48,33.85,33.48,33.85,12005
1903,2023-10-16,33.67,33.67,33.03,33.39,4227
1904,2023-10-17,33.58,33.85,32.67,33.48,14400
1905,2023-10-18,33.58,33.58,32.58,33.21,15000
1906,2023-10-19,33.3,33.3,31.76,33.03,1702
1907,2023-10-20,33.03,33.03,32.94,32.94,3104
1908,2023-10-23,31.85,33.21,31.85,33.03,2600
1909,2023-10-24,32.94,33.03,32.21,33.03,600
1910,2023-10-25,32.21,34.12,32.21,34.12,11101
1911,2023-10-26,32.67,33.39,29.04,32.94,11030
1912,2023-10-27,30.85,32.67,30.85,32.58,2800
1913,2023-10-30,32.85,32.85,30.49,32.58,3201
1914,2023-10-31,32.31,33.48,30.85,33.12,18400
1915,2023-11-01,31.13,32.49,30.49,32.49,3000
1916,2023-11-02,32.4,33.58,32.21,33.39,76600
1917,2023-11-03,31.4,33.58,31.4,33.58,20500
1918,2023-11-06,33.48,33.48,32.03,32.12,6400
1919,2023-11-07,32.31,33.48,32.31,33.3,3900
1920,2023-11-08,33.21,33.3,33.12,33.21,2000
1921,2023-11-09,33.12,33.21,32.49,32.94,3405
1922,2023-11-10,32.12,33.03,31.76,32.85,5402
1923,2023-11-13,32.85,32.85,32.12,32.12,1100
1924,2023-11-14,32.21,32.58,32.03,32.31,1600
1925,2023-11-15,31.85,32.85,31.85,32.49,3703
1926,2023-11-16,31.94,32.58,31.94,32.58,2504
1927,2023-11-17,32.12,32.67,32.03,32.49,2100
1928,2023-11-20,31.94,32.31,31.76,32.12,4903
1929,2023-11-21,32.12,32.58,31.76,31.94,5711
1930,2023-11-22,31.58,32.21,31.58,32.21,1800
1931,2023-11-23,32.21,32.21,31.85,32.21,1500
1932,2023-11-24,32.21,32.58,30.85,32.21,12502
1933,2023-11-27,31.22,32.49,31.22,32.49,4700
1934,2023-11-28,32.49,32.49,31.4,32.03,3200
1935,2023-11-29,32.03,32.58,31.58,32.58,4000
1936,2023-11-30,31.85,33.39,31.76,33.39,9513
1937,2023-12-01,32.49,32.67,31.85,32.67,5700
1938,2023-12-04,32.31,32.94,32.31,32.85,1302
1939,2023-12-05,32.76,33.03,31.85,32.67,37312
1940,2023-12-06,31.94,32.85,31.94,32.67,51700
1941,2023-12-07,32.31,33.12,32.31,32.67,41130
1942,2023-12-08,31.94,32.85,31.94,32.4,1800
1943,2023-12-11,32.03,32.31,31.94,32.31,3700
1944,2023-12-12,31.94,32.58,31.94,32.31,3302
1945,2023-12-13,32.49,32.49,31.94,32.4,800
1946,2023-12-14,32.49,32.49,31.76,31.76,1500
1947,2023-12-15,31.31,32.31,31.31,31.76,1301
1948,2023-12-18,32.4,32.4,30.85,31.85,11807
1949,2023-12-19,31.76,31.76,31.31,31.67,1000
1950,2023-12-20,31.76,31.94,31.76,31.94,200
1951,2023-12-21,31.67,31.94,31.67,31.94,2000
1952,2023-12-22,32.12,32.12,31.85,31.85,600
1953,2023-12-25,31.76,32.03,31.76,32.03,5000
1954,2023-12-26,32.21,32.31,31.85,32.21,18020
1955,2023-12-27,32.31,32.49,31.85,32.03,5310
1956,2023-12-28,32.21,32.4,32.12,32.31,5900
1957,2023-12-29,32.31,33.12,31.85,32.49,10100
1958,2024-01-02,32.4,32.4,31.85,32.21,6701
1959,2024-01-03,32.12,32.12,31.85,32.12,16100
1960,2024-01-04,31.85,32.12,31.76,32.12,17501
1961,2024-01-05,32.21,32.49,31.85,32.21,4600
1962,2024-01-08,32.12,32.31,31.85,32.31,2200
1963,2024-01-09,31.76,32.31,31.76,32.12,2700
1964,2024-01-10,32.21,32.21,31.85,32.21,1100
1965,2024-01-11,32.03,32.03,32.03,32.03,100
1966,2024-01-12,31.94,31.94,31.58,31.94,1900
1967,2024-01-15,32.21,32.49,31.76,32.21,1150
1968,2024-01-16,32.21,32.21,32.21,32.21,100
1969,2024-01-17,31.85,32.12,31.85,32.12,500
1970,2024-01-18,31.94,32.12,31.94,32.12,2200
1971,2024-01-19,31.76,31.94,31.76,31.94,1900
1972,2024-01-22,31.94,32.12,31.67,31.94,1900
1973,2024-01-23,31.85,31.85,31.67,31.76,3900
1974,2024-01-24,32.31,32.31,30.85,31.85,7000
1975,2024-01-25,31.76,31.85,31.76,31.76,1288
1976,2024-01-26,32.21,32.21,31.76,32.12,2724
1977,2024-01-29,31.94,31.94,31.94,31.94,0
1978,2024-01-30,31.94,31.94,31.94,31.94,0
1979,2024-01-31,31.58,31.67,31.49,31.58,15500
1980,2024-02-01,31.31,31.58,31.31,31.31,8500
1981,2024-02-02,31.58,31.58,31.22,31.58,6400
1982,2024-02-05,31.76,31.76,31.22,31.67,6500
1983,2024-02-06,31.76,31.76,31.4,31.4,500
1984,2024-02-07,31.76,31.76,31.67,31.67,2100
1985,2024-02-15,31.67,32.03,31.58,32.03,8401
1986,2024-02-16,32.03,32.12,31.67,31.85,3200
1987,2024-02-19,32.21,32.21,31.76,32.12,1030
1988,2024-02-20,32.31,32.31,31.76,31.94,17000
1989,2024-02-21,32.03,32.03,31.94,31.94,6800
1990,2024-02-22,32.21,32.49,32.21,32.21,2300
1991,2024-02-23,32.12,32.4,32.03,32.31,7410
1992,2024-02-26,31.94,32.4,31.85,32.31,5040
1993,2024-02-27,32.21,32.58,32.21,32.58,61212
1994,2024-02-28,32.49,32.67,32.49,32.67,31900
1995,2024-02-29,32.67,33.12,32.67,33.12,23210
1996,2024-03-01,32.67,33.39,32.67,33.3,25007
1997,2024-03-04,32.76,33.58,32.49,33.3,31000
1998,2024-03-05,32.76,33.58,32.76,33.3,45743
1999,2024-03-06,33.48,33.48,33.03,33.3,48500
2000,2024-03-07,33.21,33.21,33.21,33.21,10007
2001,2024-03-08,33.3,33.3,33.12,33.21,30600
2002,2024-03-11,33.3,33.67,33.3,33.58,6116
2003,2024-03-12,33.03,33.67,33.03,33.67,800
2004,2024-03-13,33.76,34.39,33.76,34.39,5419
2005,2024-03-14,33.94,34.39,33.21,33.58,14100
2006,2024-03-15,33.58,33.67,33.58,33.58,401
2007,2024-03-18,33.85,33.94,32.31,33.39,7210
2008,2024-03-19,33.48,33.76,33.12,33.12,5900
2009,2024-03-20,33.03,33.76,33.03,33.76,12000
2010,2024-03-21,33.58,33.58,32.67,33.12,25710
2011,2024-03-22,33.3,33.3,32.67,33.12,5602
2012,2024-03-25,32.67,33.48,32.49,33.48,11622
2013,2024-03-26,32.76,33.21,32.67,33.21,8800
2014,2024-03-27,33.12,33.21,32.76,33.21,2700
2015,2024-03-28,33.12,33.94,32.76,33.94,13800
2016,2024-03-29,33.3,33.67,33.03,33.67,3411
2017,2024-04-01,33.76,33.76,32.94,32.94,5810
2018,2024-04-02,33.03,33.76,33.03,33.03,9908
2019,2024-04-03,33.48,33.48,32.94,32.94,4121
2020,2024-04-04,33.39,33.39,32.94,33.3,1200
2021,2024-04-05,33.21,33.39,33.03,33.39,9600
2022,2024-04-08,33.39,33.58,32.85,33.3,4406
2023,2024-04-09,33.12,33.12,32.94,33.12,4000
2024,2024-04-10,32.85,33.94,32.85,33.94,4101
2025,2024-04-11,32.94,33.3,32.85,33.3,4201
2026,2024-04-12,33.12,33.58,32.94,33.48,5700
2027,2024-04-15,33.48,33.58,32.85,33.39,5400
2028,2024-04-16,33.21,33.67,33.21,33.3,4701
2029,2024-04-17,33.48,33.48,32.94,33.39,400
2030,2024-04-19,32.85,32.85,32.4,32.85,12200
2031,2024-04-22,33.3,33.58,33.3,33.58,2500
2032,2024-04-23,32.58,33.39,32.58,33.39,305
2033,2024-04-24,33.3,33.58,32.76,33.39,10700
2034,2024-04-25,32.76,33.12,32.58,33.12,2200
2035,2024-04-26,33.03,33.39,32.31,33.21,10501
2036,2024-05-02,33.39,33.39,33.12,33.3,2700
2037,2024-05-03,33.39,33.39,33.12,33.3,4300
2038,2024-05-06,33.21,34.12,33.21,34.03,61655
2039,2024-05-07,33.85,34.12,33.85,34.12,26313
2040,2024-05-08,34.12,34.39,33.94,34.39,115806
2041,2024-05-09,34.85,35.75,34.66,35.21,54107
2042,2024-05-10,35.03,35.03,34.3,34.94,35701
2043,2024-05-13,34.66,34.85,34.48,34.85,36434
2044,2024-05-14,34.85,34.94,34.66,34.76,19100
2045,2024-05-15,34.66,36.3,34.66,35.39,50701
2046,2024-05-16,36.12,36.12,34.94,35.75,5100
2047,2024-05-17,34.66,37.66,34.66,36.75,52915
2048,2024-05-20,35.84,37.02,35.84,36.48,33506
2049,2024-05-21,36.39,37.57,36.39,37.3,85192
2050,2024-05-22,38.76,39.63,37.7,38.57,68262
2051,2024-05-23,38.57,39.82,37.7,38.57,29907
2052,2024-05-24,38.37,38.57,35.96,37.5,53115
2053,2024-05-27,37.6,38.28,36.34,36.34,17700
2054,2024-05-28,37.31,38.47,36.15,37.02,8200
2055,2024-05-29,36.63,37.12,35.86,37.02,38701
2056,2024-05-30,38.37,38.37,35.86,36.83,19600
2057,2024-05-31,37.21,38.18,35.86,36.63,16201
2058,2024-06-03,36.25,36.54,35.76,36.44,5308
2059,2024-06-04,36.05,36.54,35.76,36.15,15800
2060,2024-06-05,36.25,37.02,36.15,36.83,94242
2061,2024-06-06,36.83,37.21,36.63,36.73,18931
2062,2024-06-07,36.54,36.73,36.44,36.73,17708
2063,2024-06-10,36.73,38.08,36.73,36.73,4102
2064,2024-06-11,37.02,37.02,36.54,37.02,9600
2065,2024-06-12,36.73,37.5,36.73,37.5,27011
2066,2024-06-13,36.92,37.89,36.92,37.5,14700
2067,2024-06-14,40.6,40.6,36.54,37.12,8900
2068,2024-06-17,37.7,37.89,36.73,37.21,900
2069,2024-06-18,37.12,37.5,36.44,37.31,3201
2070,2024-06-19,36.34,37.5,36.34,37.12,11600
2071,2024-06-20,36.25,38.18,36.25,37.89,45000
2072,2024-06-21,37.5,39.53,37.5,39.15,27910
2073,2024-06-24,38.76,39.05,37.5,39.05,35211
2074,2024-06-25,37.89,39.63,37.89,38.66,17100
2075,2024-06-26,39.63,39.63,38.57,38.57,13200
2076,2024-06-27,38.66,39.44,38.57,39.34,32804
2077,2024-06-28,39.15,39.15,37.41,38.57,43431
2078,2024-07-01,37.7,38.66,36.54,38.37,18812
2079,2024-07-02,37.89,38.57,37.7,38.37,6701
2080,2024-07-03,38.47,38.57,37.12,38.37,2600
2081,2024-07-04,38.47,38.47,37.21,38.18,2512
2082,2024-07-05,38.57,38.57,37.7,37.99,1101
2083,2024-07-08,38.08,38.08,37.31,37.31,2900
2084,2024-07-09,37.31,37.7,36.83,37.7,4900
2085,2024-07-10,37.31,37.31,37.21,37.21,2000
2086,2024-07-11,37.21,37.21,36.54,36.63,13560
2087,2024-07-12,37.21,37.21,35.76,36.54,7308
2088,2024-07-15,36.44,37.41,36.44,36.73,10230
2089,2024-07-16,36.92,36.92,36.25,36.63,5314
2090,2024-07-17,36.44,36.44,36.15,36.15,3102
2091,2024-07-18,36.34,36.34,36.34,36.34,100
2092,2024-07-19,36.83,36.83,35.86,36.25,7900
2093,2024-07-22,35.76,36.34,35.76,36.34,800
2094,2024-07-23,36.44,36.44,36.05,36.05,2300
2095,2024-07-24,35.96,35.96,34.41,35.96,36400
2096,2024-07-25,36.05,36.25,35.96,35.96,6180
2097,2024-07-26,36.05,36.63,35.86,36.63,500
2098,2024-07-29,34.22,36.25,34.22,36.25,1403
2099,2024-07-30,35.67,36.05,35.67,35.86,5302
2100,2024-07-31,37.12,39.15,37.02,38.76,102677
2101,2024-08-01,37.99,39.63,37.99,39.34,61002
2102,2024-08-02,38.57,39.15,38.57,38.57,27135
2103,2024-08-05,37.7,37.7,37.5,37.5,7315
2104,2024-08-06,37.6,38.57,37.6,38.57,10000
2105,2024-08-07,38.66,39.15,38.57,38.57,26238
2106,2024-08-08,39.15,41.56,39.15,40.6,30812
2107,2024-08-09,41.08,41.56,39.15,40.5,15823
2108,2024-08-12,39.92,41.08,39.92,39.92,10934
2109,2024-08-13,40.11,40.11,39.53,39.63,7205
2110,2024-08-14,39.92,39.92,39.15,39.24,12056
2111,2024-08-15,39.34,40.6,39.34,40.6,724
2112,2024-08-16,39.63,40.6,39.53,40.5,17245
2113,2024-08-19,40.02,40.02,39.63,39.63,1400
2114,2024-08-20,38.66,40.6,38.57,40.5,10613
2115,2024-08-21,39.63,39.63,38.95,38.95,3101
2116,2024-08-22,40.6,40.6,40.31,40.31,602
2117,2024-08-23,40.02,40.02,39.05,39.34,2000
2118,2024-08-26,40.6,40.6,39.44,40.5,10702
2119,2024-08-27,39.44,40.6,39.44,40.6,10500
2120,2024-08-28,40.6,40.6,40.11,40.11,300
2121,2024-08-29,40.31,40.31,40.31,40.31,339
2122,2024-08-30,40.4,40.4,39.34,40.11,3200
2123,2024-09-04,39.92,39.92,39.92,39.92,27
2124,2024-09-05,45.72,45.72,40.5,40.5,200
2125,2024-09-06,42.34,42.43,40.4,40.4,16200
2126,2024-09-09,41.76,41.76,41.76,41.76,0
2127,2024-09-10,41.76,45.43,39.82,41.27,2805
2128,2024-09-11,40.6,41.27,40.6,41.27,400
2129,2024-09-12,42.05,43.01,41.47,41.47,400
2130,2024-09-13,39.73,40.98,39.73,40.98,5300
2131,2024-09-16,41.56,41.56,41.56,41.56,100
2132,2024-09-17,41.18,41.27,41.18,41.27,1100
2133,2024-09-18,41.56,41.56,40.4,40.5,6600
2134,2024-09-19,40.5,40.6,40.5,40.6,1525
2135,2024-09-20,40.6,40.6,40.6,40.6,300
2136,2024-09-23,40.6,40.6,40.5,40.6,4705
2137,2024-09-24,40.6,40.6,40.6,40.6,1101
2138,2024-09-25,40.6,40.6,40.6,40.6,700
2139,2024-09-26,40.5,40.5,40.4,40.4,2409
2140,2024-09-27,40.4,40.4,40.4,40.4,200
2141,2024-09-30,40.31,41.08,40.31,40.6,17330
2142,2024-10-01,40.6,40.6,40.6,40.6,200
2143,2024-10-02,40.98,41.08,40.98,41.08,7200
2144,2024-10-03,42.05,46.3,41.08,41.08,1321
2145,2024-10-04,41.66,41.66,41.56,41.66,3100
2146,2024-10-07,41.66,41.66,41.66,41.66,1
2147,2024-10-08,41.66,41.66,41.66,41.66,10
2148,2024-10-09,39.92,40.21,39.92,40.11,1111
2149,2024-10-10,39.63,39.82,39.63,39.73,1000
2150,2024-10-11,40.89,40.89,40.89,40.89,120
2151,2024-10-14,44.46,44.46,40.31,40.31,900
2152,2024-10-15,41.95,41.95,41.95,41.95,0
2153,2024-10-16,40.89,41.95,40.89,41.95,203
2154,2024-10-17,41.47,41.47,41.47,41.47,1
2155,2024-10-18,41.47,41.47,41.47,41.47,0
2156,2024-10-21,39.63,40.6,39.63,40.6,1536
2157,2024-10-22,40.11,40.11,40.11,40.11,0
2158,2024-10-23,40.11,40.11,40.11,40.11,1600
2159,2024-10-24,40.21,40.21,40.11,40.11,1200
2160,2024-10-25,41.56,41.56,40.6,40.6,4800
2161,2024-10-28,40.69,40.69,40.69,40.69,102
2162,2024-10-29,40.69,40.69,40.69,40.69,300
2163,2024-10-30,41.47,42.53,41.47,42.53,10800
2164,2024-10-31,43.01,43.98,42.53,42.53,19569
2165,2024-11-01,43.11,43.11,42.63,43.01,700
2166,2024-11-04,43.01,43.3,42.63,43.21,13410
2167,2024-11-05,43.01,43.59,43.01,43.5,2200
2168,2024-11-06,43.4,43.4,42.63,42.82,9500
2169,2024-11-07,42.92,43.01,42.72,43.01,1206
2170,2024-11-08,43.11,43.5,43.11,43.5,9700
2171,2024-11-11,43.69,49.88,43.69,44.46,23200
2172,2024-11-12,44.46,44.46,44.27,44.27,32100
2173,2024-11-13,44.37,44.37,43.98,44.27,7402
2174,2024-11-14,44.37,44.46,43.98,43.98,10700
2175,2024-11-15,44.27,44.27,43.11,44.17,6917
2176,2024-11-18,44.08,44.08,43.3,43.69,2901
2177,2024-11-19,43.5,43.69,43.21,43.21,4400
2178,2024-11-20,43.5,43.5,43.5,43.5,1517
2179,2024-11-21,43.5,43.5,43.5,43.5,121
2180,2024-11-22,43.5,43.5,43.3,43.3,414
2181,2024-11-25,43.5,43.5,43.01,43.5,8200
2182,2024-11-26,43.5,43.98,43.21,43.59,33300
2183,2024-11-27,43.59,44.27,43.59,43.98,3714
2184,2024-11-28,43.79,43.98,43.79,43.88,2700
2185,2024-11-29,43.79,43.98,43.59,43.59,20801
2186,2024-12-02,43.88,43.88,43.5,43.5,27203
2187,2024-12-03,43.5,43.88,43.4,43.5,13600
2188,2024-12-04,43.59,43.59,43.21,43.5,13000
2189,2024-12-05,43.4,43.5,43.4,43.4,2100
2190,2024-12-06,43.4,43.5,43.1,43.2,13901
2191,2024-12-09,43.5,43.8,43.3,43.8,22214
2192,2024-12-10,43.6,43.6,43.5,43.5,2401
2193,2024-12-11,43.4,43.4,43.0,43.0,18807
2194,2024-12-12,43.2,43.6,43.2,43.6,4401
2195,2024-12-13,43.2,43.5,43.1,43.5,7500
2196,2024-12-16,43.4,43.6,43.4,43.6,1500
2197,2024-12-17,43.6,43.6,43.6,43.6,1700
2198,2024-12-18,43.7,43.9,43.7,43.9,3200
2199,2024-12-19,43.8,43.9,43.8,43.8,1900
2200,2024-12-20,43.8,43.9,43.8,43.9,3900
2201,2024-12-23,44.0,45.8,44.0,45.4,10800
2202,2024-12-24,46.0,46.3,46.0,46.0,19200
2203,2024-12-25,46.1,46.5,46.1,46.1,4600
2204,2024-12-26,46.0,46.2,46.0,46.2,5500
2205,2024-12-27,46.1,46.1,45.4,46.0,2600
2206,2024-12-30,45.9,45.9,45.8,45.9,5200
2207,2024-12-31,45.8,45.8,44.2,44.4,3600
2208,2025-01-02,44.8,44.8,44.5,44.6,7200
2209,2025-01-03,45.0,45.0,44.2,44.2,8200
2210,2025-01-06,44.6,44.6,44.0,44.0,7200
2211,2025-01-07,44.0,44.0,43.9,43.9,9300
2212,2025-01-08,43.9,44.0,43.9,44.0,2000
2213,2025-01-09,43.9,43.9,43.8,43.9,4400
2214,2025-01-10,43.8,43.8,42.9,42.9,18200
2215,2025-01-13,43.2,43.5,43.0,43.5,3000
2216,2025-01-14,44.0,44.0,43.3,43.3,14300
2217,2025-01-15,43.2,43.8,43.0,43.8,3200
2218,2025-01-16,42.6,43.2,42.6,43.2,10500
2219,2025-01-17,43.2,43.3,43.2,43.3,1300
2220,2025-01-20,43.3,43.9,43.3,43.9,20400
2221,2025-01-21,44.0,44.5,44.0,44.5,35300
2222,2025-01-22,45.7,45.7,44.0,44.7,7900
2223,2025-01-23,44.5,44.9,44.5,44.9,16200
2224,2025-01-24,44.8,45.4,44.8,45.4,6900
2225,2025-02-03,45.4,45.6,44.7,45.5,65500
2226,2025-02-04,45.1,45.4,45.1,45.1,18200
2227,2025-02-05,45.1,45.9,45.0,45.2,38600
2228,2025-02-06,45.5,46.6,45.5,46.5,30500
2229,2025-02-07,46.9,49.7,46.9,49.2,33800
2230,2025-02-10,49.0,49.0,47.0,47.0,7000
2231,2025-02-11,47.3,48.0,47.0,47.9,19800
2232,2025-02-12,47.3,47.3,47.3,47.3,300
2233,2025-02-13,48.0,48.0,47.5,47.5,1600
2234,2025-02-14,49.0,49.7,49.0,49.5,16300
2235,2025-02-17,49.3,51.8,49.3,49.9,21400
2236,2025-02-18,49.0,49.8,48.5,49.0,9200
2237,2025-02-19,50.4,50.4,48.7,49.0,12000
2238,2025-02-20,48.1,49.0,48.1,49.0,5100
2239,2025-02-21,48.6,48.6,48.3,48.6,10600
2240,2025-02-24,48.4,49.0,48.4,48.6,13600
2241,2025-02-25,48.9,50.2,48.9,50.0,54900
2242,2025-02-26,49.9,49.9,49.5,49.5,3400
2243,2025-02-27,49.6,49.6,48.6,49.2,10100
2244,2025-02-28,49.0,49.0,48.7,48.7,9100
2245,2025-03-03,49.0,49.5,48.2,48.6,7800
2246,2025-03-04,48.8,48.8,48.5,48.8,6100
2247,2025-03-05,48.8,48.8,48.6,48.6,2700
2248,2025-03-06,48.6,48.6,48.6,48.6,800
2249,2025-03-07,49.2,49.2,48.6,48.6,1800
2250,2025-03-10,48.7,48.7,48.0,48.0,12800
2251,2025-03-11,48.2,48.2,48.0,48.0,6000
2252,2025-03-12,48.2,48.2,48.0,48.0,13900
2253,2025-03-13,48.8,48.8,48.3,48.3,300
2254,2025-03-14,48.5,48.5,46.3,47.7,25100
2255,2025-03-17,48.0,48.0,47.0,47.1,2900
2256,2025-03-18,47.4,47.5,47.2,47.2,1900
2257,2025-03-19,47.4,47.7,47.2,47.7,2100
2258,2025-03-20,47.4,47.4,47.3,47.4,2300
2259,2025-03-21,47.3,47.4,47.2,47.4,1500
2260,2025-03-24,48.8,48.8,47.7,47.7,2800
2261,2025-03-25,47.8,47.8,47.3,47.3,22000
2262,2025-03-26,49.3,49.3,49.3,49.3,100
2263,2025-03-27,48.4,48.4,48.1,48.1,200
2264,2025-03-28,48.1,48.1,47.0,47.0,3100
2265,2025-03-31,47.2,47.5,46.5,46.5,30800
2266,2025-04-01,47.0,47.0,46.0,46.0,56400
2267,2025-04-02,46.9,46.9,46.0,46.9,7000
2268,2025-04-03,40.0,46.0,39.5,39.5,45900
2269,2025-04-04,38.8,40.0,38.0,39.9,29200
2270,2025-04-08,39.9,39.9,33.0,33.5,32800
2271,2025-04-09,33.5,34.0,33.0,33.5,63700
2272,2025-04-10,38.4,38.5,38.4,38.5,7200
2273,2025-04-11,40.5,42.0,38.0,38.0,10900
2274,2025-04-14,38.8,38.8,38.6,38.8,8200
2275,2025-04-15,38.8,39.0,38.5,38.8,17400
2276,2025-04-16,38.6,39.0,38.6,38.6,2000
2277,2025-04-17,38.7,38.7,38.7,38.7,600
2278,2025-04-18,39.0,40.9,39.0,40.0,2500
2279,2025-04-21,39.1,40.5,38.5,39.9,900
2280,2025-04-22,39.2,39.5,38.0,38.0,12900
2281,2025-04-23,38.5,40.0,38.5,40.0,300
2282,2025-04-24,40.8,40.8,38.6,39.5,2000
2283,2025-04-25,40.7,40.7,39.9,40.0,7500
2284,2025-04-28,40.8,40.8,38.0,38.0,30900
2285,2025-04-29,39.9,40.0,39.0,40.0,10700
2286,2025-05-05,43.9,43.9,39.5,41.7,2500
2287,2025-05-06,40.3,40.9,40.3,40.4,1200
2288,2025-05-07,42.7,42.7,40.6,41.2,5000
2289,2025-05-08,41.0,41.5,40.2,40.2,7400
2290,2025-05-09,41.9,41.9,40.5,40.5,2400
2291,2025-05-12,40.6,41.0,40.5,41.0,2100
2292,2025-05-13,41.5,41.8,41.5,41.5,1800
2293,2025-05-14,42.4,42.5,40.4,40.4,7100
2294,2025-05-15,42.1,42.1,41.5,42.0,400
2295,2025-05-16,41.9,41.9,40.0,41.0,32900
2296,2025-05-19,43.3,43.3,40.6,40.6,15200
2297,2025-05-20,41.0,41.5,41.0,41.5,1200
